driver_id,name,phone,city,zone_id,vehicle_type,joining_date,account_age_days,is_active,kyc_status,aadhaar_verified,dl_verified,dl_expired,vehicle_rc_verified,bank_account_verified,bank_account_type,trips_last_30d,completion_rate_30d,cancel_rate_30d,dispute_rate_30d,cash_trip_ratio_30d,avg_rating_30d,night_trip_ratio_30d,avg_fare_30d,avg_distance_30d,total_trips_lifetime,monthly_earnings_avg,churn_risk,shared_device_flag,duplicate_account_flag,document_mismatch_flag,fraud_ring_id,ring_role
fae91ffd-cdc1-4bc7-8156-98ea95dd89b8,Rajesh Ghosh,+918494990595,bangalore,blr_koramangala,mini_truck,2025-11-03,171,False,expired,True,False,False,True,True,cash,82,0.9052,0.0448,0.0007,0.17,4.1,0.0795,567.11,18.56,486,30906.61,0.0744,False,False,True,,
9ecfc51d-1e2e-47d3-a716-78bd1853ca6b,Naveen Mehta,+917216929354,bangalore,blr_bannerghatta,three_wheeler,2022-01-20,1554,True,verified,True,True,False,True,True,bank,58,0.9434,0.0066,0.0008,0.1836,4.39,0.0565,237.17,9.48,2808,8707.5,0.0833,False,False,False,,
e1864021-85e1-4345-becc-4b2b7d02c3d3,Rajesh Agarwal,+919373555087,bangalore,blr_hsr,two_wheeler,2020-05-20,2164,True,verified,True,True,False,True,True,upi,61,0.931,0.019,0.0016,0.2047,4.1,0.0363,101.15,8.04,6183,7029.97,0.2288,False,False,False,,
8225236a-76e4-480c-8077-20e532149648,Rajan Gupta,+917206205311,bangalore,blr_bannerghatta,truck_17ft,2025-04-12,376,True,verified,True,True,False,True,True,bank,71,0.9437,0.0063,0.0005,0.1928,4.12,0.0076,2974.2,72.83,632,46826.25,0.168,False,False,False,,
09e04c10-6c5b-40da-b736-1da776c4a0b9,Abdul Gupta,+916628880114,bangalore,blr_yeshwanthpur,two_wheeler,2024-05-01,722,True,verified,True,True,False,True,True,upi,50,0.9,0.05,0.01,0.3385,3.56,0.0917,43.67,2.14,1773,6945.38,0.4991,False,False,False,,
30f6b885-465d-40fd-82de-2bf5c680c9ae,Sanjay Singh,+916599367221,bangalore,blr_marathahalli,two_wheeler,2025-05-06,352,True,verified,True,True,False,True,True,upi,63,0.9375,0.0125,0.0036,0.2653,4.35,0.0202,133.01,11.87,1312,8576.62,0.0316,False,False,False,,
f0a0dd47-bdd1-4386-ba1e-d9d6551336c6,Senthil Shah,+918639444511,bangalore,blr_indiranagar,truck_14ft,2023-03-11,1139,True,pending,False,True,True,True,True,upi,98,0.9496,0.0004,0.0008,0.1084,4.31,0.0156,1205.42,29.84,2643,45766.3,0.0458,False,False,False,,
338fa75a-21f2-4c07-ab19-8e2caf5de816,Ravi Raju,+916636438297,bangalore,blr_hebbal,truck_14ft,2025-05-26,332,True,pending,True,True,False,False,True,upi,78,0.9441,0.0059,0.0067,0.1105,3.97,0.12,1708.24,56.2,764,49309.08,0.0812,False,False,True,,
3043f3f3-e84a-4ebc-8fb4-7ea12cd610e7,Ritesh Kumar,+918275339653,bangalore,blr_rajajinagar,two_wheeler,2023-08-13,984,True,verified,True,True,False,True,True,upi,80,0.9435,0.0065,0.0008,0.1199,4.66,0.0701,58.46,4.11,2667,6139.14,0.2448,False,False,False,,
033e17d2-7121-4902-8066-9eba1371b1be,Paresh Raju,+919850328658,bangalore,blr_koramangala,two_wheeler,2025-05-05,353,True,verified,True,True,False,True,True,upi,88,0.9484,0.0016,0.0016,0.2115,4.82,0.0447,86.55,6.96,685,5009.03,0.2891,False,False,False,,
350fcc4b-489b-4a55-8ba8-4f8ea9991702,Rohan Murthy,+918672597239,bangalore,blr_rajajinagar,mini_truck,2023-12-07,868,True,unverified,True,False,False,False,True,bank,39,0.9474,0.0026,0.0025,0.1839,4.42,0.0975,711.21,26.33,2757,23904.99,0.1534,False,False,True,,
c063577e-fe52-491c-83f1-03c71cc106f2,Raja Ansari,+917815700652,bangalore,blr_bannerghatta,two_wheeler,2022-11-09,1261,True,verified,True,True,False,True,True,upi,62,0.9442,0.0058,0.0012,0.2255,4.47,0.1597,116.08,8.38,1536,2198.93,0.2103,False,False,False,,
e0da0109-fc0d-4dd5-89ac-54aebf552336,Vinod Chatterjee,+919590411530,bangalore,blr_electronic_city,truck_17ft,2026-01-06,107,True,verified,True,True,False,True,True,upi,30,0.9342,0.0158,0.0008,0.2243,4.18,0.0497,1181.99,20.66,67,14745.84,0.0858,False,False,False,,
b613960d-89f1-4956-93e1-5f0b330f4ff3,Kumar Tiwari,+919501895171,bangalore,blr_koramangala,two_wheeler,2024-02-25,788,True,verified,True,True,False,True,True,upi,60,0.9481,0.0019,0.0039,0.1238,4.44,0.0223,57.76,4.26,2239,6210.55,0.2681,False,False,False,,
89ecc3aa-5ba7-4b91-9ccd-520ba266557a,Selvam Shetty,+918583792433,bangalore,blr_btm,three_wheeler,2024-11-20,519,True,verified,True,True,False,True,True,upi,110,0.9383,0.0117,0.0025,0.135,3.82,0.0021,231.36,15.87,1441,10972.81,0.1093,False,False,False,,
320ff8fa-a94f-42d1-94ab-bace3b2bebf8,Harish Naidu,+918277275771,bangalore,blr_koramangala,three_wheeler,2022-08-03,1359,True,verified,True,True,False,True,True,bank,34,0.939,0.011,0.0014,0.2386,4.41,0.0286,133.52,9.2,1772,6614.59,0.214,False,False,False,,
9eaa6411-3dba-4722-a0e2-822ef3f58310,Babu Kulkarni,+919168949449,bangalore,blr_rajajinagar,mini_truck,2020-05-01,2183,True,verified,True,True,False,True,True,upi,74,0.926,0.024,0.0005,0.1321,4.7,0.0325,642.71,17.81,4825,15599.13,0.1226,False,False,False,,
4102c705-ea0e-465e-8d1b-182c83cb2109,Basavaraj Mehta,+917996049564,bangalore,blr_yeshwanthpur,three_wheeler,2021-12-19,1586,True,verified,True,True,False,True,True,upi,46,0.9328,0.0172,0.0013,0.196,4.91,0.0393,157.98,6.64,4389,11776.05,0.145,False,False,False,,
eb0a4e01-8b73-4df3-9499-5a60e70a2345,Basavaraj Garg,+919721719964,bangalore,blr_yeshwanthpur,two_wheeler,2022-07-09,1384,False,verified,True,True,True,True,True,bank,108,0.6025,0.3475,0.0644,0.3888,2.78,0.3791,38.57,2.22,2990,4436.98,0.4621,False,False,False,,
67483b94-1176-4e35-a3aa-d06ffbb524d4,Shivakumar Yadav,+919684853458,bangalore,blr_marathahalli,three_wheeler,2026-01-24,89,True,unverified,False,True,False,True,True,bank,99,0.9455,0.0045,0.0003,0.1817,4.38,0.0224,96.51,5.94,337,21994.52,0.2032,False,False,False,,
cdc65d94-9226-4ef0-b10b-4dcb67ebba86,Salman Agarwal,+919879707421,bangalore,blr_electronic_city,two_wheeler,2023-07-25,1003,True,verified,True,True,False,True,True,cash,96,0.9276,0.0224,0.0011,0.2701,3.97,0.0647,63.38,6.87,2493,4811.53,0.2459,False,False,False,,
8d6eaf18-ab76-457a-b470-cd26d2bc6ab1,Sunil Shukla,+919375409104,bangalore,blr_indiranagar,mini_truck,2022-03-12,1503,True,verified,True,True,True,True,True,upi,62,0.8896,0.0604,0.0004,0.1518,4.17,0.0135,508.13,18.2,4902,17677.92,0.0609,False,False,False,,
620891b3-43f2-4c13-a41e-5a3e3241fbeb,Mukesh Babu,+917337460980,bangalore,blr_btm,two_wheeler,2022-04-01,1483,True,verified,True,True,False,True,True,upi,69,0.9298,0.0202,0.0004,0.1686,3.94,0.0059,82.62,11.95,1931,2526.8,0.2641,False,False,False,,
84fff1ab-a5df-4f25-8656-1d0fa87d8574,Ibrahim Patil,+917740402236,bangalore,blr_koramangala,two_wheeler,2023-01-14,1195,True,unverified,True,True,False,True,True,upi,88,0.9461,0.0039,0.0016,0.1318,4.3,0.018,119.34,10.24,4182,8566.17,0.1318,True,False,False,,
d75b94a9-dcb8-4995-96c1-6a5008b54f0a,Vinod Kumar,+918248938981,bangalore,blr_bannerghatta,mini_truck,2025-08-25,241,True,verified,True,True,False,True,True,upi,49,0.934,0.016,0.0034,0.2771,4.57,0.0329,416.48,14.94,361,13037.34,0.0107,True,False,False,,
6b35d930-fd71-4f8b-8776-a496fada3b97,Lokesh Joshi,+919855127687,bangalore,blr_marathahalli,three_wheeler,2023-04-19,1100,True,verified,True,True,False,True,True,bank,61,0.9475,0.0025,0.0027,0.1461,4.39,0.0212,238.46,17.4,887,2435.47,0.2515,False,False,False,,
e19d5a1c-864d-4a6f-8b10-ccc3be1505d7,Satish Shaikh,+918954775860,bangalore,blr_rajajinagar,two_wheeler,2025-02-19,428,True,pending,True,True,False,True,True,cash,78,0.9379,0.0121,0.0005,0.1605,4.15,0.0561,75.13,9.49,1298,5771.05,0.2471,False,False,False,,
15f7ab20-aa7d-44b9-a7e9-31905b8aae49,Ashok Hegde,+916978080340,bangalore,blr_koramangala,three_wheeler,2023-07-27,1001,True,verified,True,True,True,True,True,upi,62,0.9495,0.0005,0.0039,0.2312,3.97,0.0086,80.0,1.5,1835,6967.12,0.2519,False,False,False,,
87b2e902-feb3-42eb-a797-66496f2ffc72,Rajan Iyer,+918571625427,bangalore,blr_whitefield,two_wheeler,2021-05-16,1803,True,verified,True,True,False,True,True,bank,99,0.6759,0.2741,0.01,0.3178,4.19,0.2236,39.37,1.42,3256,4133.42,0.2417,False,False,False,,
efd73e6f-101d-42dd-a55f-b2f3afc2bb92,Rakesh Bhat,+918842912513,bangalore,blr_btm,two_wheeler,2022-07-29,1364,True,unverified,True,False,True,True,True,upi,56,0.9343,0.0157,0.0012,0.0217,4.41,0.0033,122.76,12.8,5857,9622.83,0.1808,False,False,True,,
a67c895f-207d-44df-ba7b-316422ca67ed,Suresh Menon,+918102077895,bangalore,blr_whitefield,truck_17ft,2020-10-19,2012,True,verified,True,True,True,True,True,upi,84,0.9254,0.0246,0.0023,0.204,4.44,0.0043,1534.28,18.72,4542,56678.94,0.174,False,False,False,,
fe617474-9e82-4412-8ea6-cb7161aeca80,Vinod Bhat,+919605637036,bangalore,blr_btm,mini_truck,2021-05-31,1788,True,verified,True,True,False,True,True,upi,72,0.9267,0.0233,0.002,0.1133,4.73,0.0303,430.58,14.08,5356,25741.47,0.1205,False,False,False,,
cd8c6e29-c8fa-4b57-89c8-0906588fb88c,Kiran Murthy,+918649054433,bangalore,blr_indiranagar,two_wheeler,2026-02-08,74,True,expired,True,True,False,True,True,upi,67,0.9123,0.0377,0.0002,0.1336,4.14,0.043,132.67,8.38,103,3763.98,0.4706,False,False,False,,
f3018614-10f9-4178-9387-d28bdad0b373,Ashok Bhat,+917296970947,bangalore,blr_hsr,mini_truck,2025-02-18,429,True,verified,True,True,False,True,True,bank,73,0.9306,0.0194,0.0008,0.1483,4.73,0.0349,345.0,13.14,542,11180.14,0.0702,False,False,False,,
4af8c60f-7751-40b3-9a24-e142e9a7998a,Naveen Shaikh,+916992837803,bangalore,blr_koramangala,truck_17ft,2023-11-21,884,True,verified,True,True,False,True,True,upi,73,0.9281,0.0219,0.0014,0.2504,4.55,0.1063,2647.42,45.42,1954,63370.45,0.1225,True,False,False,,
6a6dcc9c-ccfc-4782-a12f-c60272858db8,Selvam Ghosh,+916131354515,bangalore,blr_hsr,mini_truck,2025-07-28,269,True,verified,True,True,False,True,True,bank,85,0.943,0.007,0.0011,0.1802,4.82,0.0011,516.05,19.31,891,31454.92,0.1481,False,False,False,,
504550ec-7ce6-471c-8bd7-3faec171662d,Umesh Gowda,+919453626358,bangalore,blr_btm,truck_14ft,2024-05-25,698,True,verified,True,True,False,True,True,bank,55,0.9479,0.0021,0.0061,0.1179,3.73,0.0308,1531.78,34.08,1978,43624.81,0.26,False,True,False,,
c36ca4f4-7ccb-424d-8f1e-0262564a979f,Ravi Desai,+918905060346,bangalore,blr_btm,three_wheeler,2020-12-14,1956,True,verified,True,True,True,True,True,cash,53,0.8782,0.0718,0.0014,0.1537,4.43,0.0378,334.28,20.0,6277,12525.19,0.0643,False,False,False,,
e537061c-e068-44bd-a564-54322174d70e,Ramesh Mishra,+917657612329,bangalore,blr_marathahalli,two_wheeler,2024-05-20,703,True,pending,True,False,False,True,True,cash,97,0.9164,0.0336,0.0139,0.1977,4.06,0.0279,82.62,4.5,1458,5393.14,0.2294,False,False,True,,
69e05170-ce7b-4325-9167-49b009781562,Kiran Naidu,+917505941849,bangalore,blr_electronic_city,three_wheeler,2023-02-23,1155,True,verified,True,True,False,True,True,upi,100,0.9104,0.0396,0.001,0.1738,4.05,0.0444,198.72,9.02,2311,8477.6,0.181,False,False,False,,
1bf5ec8f-7578-482d-bba9-83b3ed074c9d,Deepak Das,+916866930802,bangalore,blr_whitefield,three_wheeler,2022-07-03,1390,True,pending,True,False,True,True,True,upi,51,0.9498,0.0002,0.0017,0.1829,3.67,0.0548,161.82,16.45,3088,7647.97,0.4162,False,False,True,,
18839607-720b-4903-b6aa-bcb9646c8135,Imran Shukla,+916121573319,bangalore,blr_bannerghatta,three_wheeler,2022-07-30,1363,True,verified,True,True,False,True,True,upi,84,0.9331,0.0169,0.0012,0.122,4.56,0.0239,309.74,20.0,2537,8240.93,0.0737,False,False,False,,
9891ebdf-97fc-46e8-b793-05dce1cd9751,Mohammed Singh,+916735217302,bangalore,blr_whitefield,two_wheeler,2025-06-25,302,True,unverified,False,True,False,True,True,upi,79,0.8494,0.1006,0.01,0.2673,4.33,0.2588,48.87,2.38,843,6762.22,0.2646,False,False,False,,
38298d8d-c7fe-4470-a884-04fb4ca4cffa,Kiran Patil,+917510763471,bangalore,blr_jayanagar,two_wheeler,2023-07-14,1014,True,verified,True,True,True,True,True,bank,61,0.9419,0.0081,0.0003,0.1701,4.47,0.0075,85.84,5.97,2742,6686.69,0.2757,False,False,False,,
3527fafe-6078-41b0-a2fd-5c897292af7b,Basavaraj Dubey,+918953958795,bangalore,blr_hsr,two_wheeler,2022-06-04,1419,True,verified,True,True,False,True,True,upi,76,0.942,0.008,0.0072,0.2154,4.52,0.0351,85.61,7.71,192,244.52,0.2168,False,False,False,,
33746b8c-3191-4deb-8816-153e5dd6d274,Sanjay Joshi,+918673848081,bangalore,blr_hebbal,two_wheeler,2026-03-12,42,True,unverified,True,True,False,False,True,upi,35,0.9062,0.0438,0.0024,0.2048,4.6,0.0532,113.45,8.38,104,3677.99,0.4419,False,False,True,,
07a70457-fe8a-4bda-aab1-b3844018ba41,Naveen Shah,+917277900283,bangalore,blr_btm,two_wheeler,2023-07-22,1006,True,pending,True,True,True,True,True,upi,67,0.9298,0.0202,0.0043,0.2184,3.95,0.013,73.84,9.75,2480,7134.43,0.2534,False,False,False,,
d80a1047-b7a8-4e98-ac6d-9d1efc420ce3,Selvam Rao,+919312397535,bangalore,blr_hebbal,mini_truck,2025-07-12,285,True,verified,True,True,False,True,True,cash,51,0.9368,0.0132,0.0004,0.2133,4.47,0.0599,434.99,21.24,500,17565.38,0.142,False,False,False,,
27544436-85b8-4116-ab34-450c7a43850e,Praveen Garg,+918944924817,bangalore,blr_indiranagar,two_wheeler,2021-11-08,1627,True,verified,True,True,True,True,True,upi,74,0.838,0.112,0.034,0.394,3.47,0.058,87.19,10.55,4100,5453.93,0.4494,False,False,False,,
ae48e2b8-cdec-4e76-b8ec-ddd47e72bf96,Abdul Kumar,+918894664837,bangalore,blr_yeshwanthpur,two_wheeler,2024-02-27,786,True,pending,True,True,False,True,True,upi,65,0.9475,0.0025,0.0011,0.2652,3.98,0.0216,142.09,12.75,2087,5746.82,0.2644,False,False,False,,
83b46b12-d376-4362-9313-ed6a10e8fa41,Mohan Pillai,+916121248423,bangalore,blr_jayanagar,two_wheeler,2020-07-16,2107,True,pending,True,True,False,True,True,upi,67,0.9499,0.0001,0.0058,0.1791,4.38,0.0515,56.79,2.85,1198,1402.74,0.2527,False,False,False,,
c2f65ff2-391a-46cd-aa47-13a6b5762544,Babu Dubey,+917848917380,bangalore,blr_marathahalli,truck_14ft,2021-03-02,1878,True,verified,True,True,False,True,True,upi,69,0.9492,0.0008,0.0036,0.2443,4.09,0.036,857.72,9.63,5371,52544.26,0.1494,False,False,False,,
f1260035-5ba5-46a2-be2c-a5bff5b93951,Umesh Murthy,+916509909757,bangalore,blr_marathahalli,mini_truck,2023-06-07,1051,True,verified,True,True,True,True,True,upi,75,0.9349,0.0151,0.0008,0.1896,3.93,0.0232,320.28,8.1,2746,13978.28,0.1951,False,False,False,,
eb5ac4dd-e2d4-430f-b51a-be349d35cae7,Murugan Reddy,+916115573201,bangalore,blr_hsr,mini_truck,2020-10-05,2026,True,verified,True,True,True,True,True,cash,70,0.8191,0.1309,0.01,0.3898,3.42,0.0737,361.28,14.5,4227,19403.25,0.2905,False,False,False,,
e2409ae0-5754-4567-b59f-5709ab1c95c2,Karthi Shetty,+916779719747,bangalore,blr_btm,mini_truck,2023-04-30,1089,True,verified,True,True,False,True,True,upi,58,0.9136,0.0364,0.0024,0.2723,4.98,0.0177,298.82,8.6,2596,15973.14,0.0541,False,False,False,,
eff1b041-8f60-43be-b8cc-bfb394b58dcf,Kiran Pandey,+919517473136,bangalore,blr_rajajinagar,mini_truck,2022-02-17,1526,True,verified,True,True,False,True,True,cash,71,0.9473,0.0027,0.0014,0.2455,4.63,0.0035,498.93,17.92,1553,7852.66,0.2426,False,False,False,,
d0132bfa-dc26-445a-a8b6-b5fcd80df633,Girish Bhat,+918275705079,bangalore,blr_marathahalli,three_wheeler,2023-01-03,1206,True,pending,True,False,False,True,True,cash,88,0.9331,0.0169,0.0037,0.0662,4.53,0.0893,256.68,17.96,2796,10804.18,0.0441,False,False,True,,
7ea0d28b-5422-40e4-aa81-aef002786f76,Vijay Mehta,+918618130407,bangalore,blr_hebbal,two_wheeler,2025-01-03,475,True,verified,True,True,False,True,True,upi,92,0.9476,0.0024,0.0001,0.1925,4.21,0.0645,83.01,9.38,1436,5666.9,0.3012,False,False,False,,
0f173675-f854-4f31-8142-2d13f3aefce8,Umesh Agarwal,+916634592202,bangalore,blr_hsr,three_wheeler,2020-09-12,2049,True,verified,True,True,False,True,True,bank,82,0.9,0.05,0.01,0.3901,3.0,0.1139,234.63,15.49,3258,4477.45,0.4209,False,False,False,,
7b77232b-9a57-4961-b3b1-4ce696011dc8,Santosh Yadav,+916225724558,bangalore,blr_hsr,truck_14ft,2021-01-06,1933,True,unverified,True,False,False,False,True,cash,47,0.4597,0.4903,0.05,0.3541,2.65,0.2574,1013.43,23.84,6172,67479.74,0.2798,False,False,True,,
53a25fbe-df6c-4345-b594-eb3a8fda553d,Karthi Gupta,+916952173887,bangalore,blr_koramangala,two_wheeler,2024-07-31,631,True,verified,True,True,False,True,True,cash,89,0.9497,0.0003,0.0023,0.183,4.37,0.0032,57.73,3.79,1281,4623.21,0.2365,False,False,False,,
e6161640-6240-4d54-9134-9dcde037bc16,Ajay Patel,+916225808831,bangalore,blr_yeshwanthpur,two_wheeler,2022-02-23,1520,True,verified,True,True,True,True,True,upi,54,0.9234,0.0266,0.0029,0.1817,4.22,0.0145,59.19,3.24,4463,6847.56,0.2544,False,False,False,,
fafe489b-1c5b-4ef8-bd51-86e3982d0aee,Paresh Ansari,+917984793425,bangalore,blr_koramangala,two_wheeler,2020-05-22,2162,True,verified,True,True,True,True,True,upi,55,0.9471,0.0029,0.004,0.1886,4.29,0.0153,96.62,8.45,3098,2461.11,0.1199,False,False,False,,
ef975cf6-eb74-4db8-b860-6724723334f9,Kumar Nayak,+919304087738,bangalore,blr_hebbal,two_wheeler,2023-07-26,1002,True,verified,True,True,False,True,True,bank,95,0.9338,0.0162,0.0034,0.2157,4.45,0.0284,158.25,15.0,2972,6128.37,0.2199,False,False,False,,
f3bc4ebb-6a73-4552-8190-a886d607bb24,Umesh Patil,+917574079914,bangalore,blr_whitefield,three_wheeler,2023-08-30,967,True,verified,True,True,False,True,True,upi,47,0.9302,0.0198,0.0001,0.1781,4.32,0.0012,251.19,11.48,3018,12907.24,0.0685,False,False,False,,
017e3040-a6e8-4979-bf68-c744294cab02,Babu Chatterjee,+919905954118,bangalore,blr_marathahalli,two_wheeler,2024-11-10,529,True,verified,True,True,False,True,True,upi,81,0.6431,0.3069,0.0526,0.4342,3.31,0.2223,87.56,7.09,1368,5977.23,0.4778,False,False,False,,solo
541cb209-bbe9-40bd-8fc0-6d8208b16b94,Harish Nair,+917552411391,bangalore,blr_yeshwanthpur,two_wheeler,2021-11-17,1618,True,verified,True,True,False,True,True,upi,52,0.8322,0.1178,0.0228,0.3705,3.67,0.2854,113.65,11.28,4209,5809.72,0.4077,False,False,False,,
e10c3c42-e427-41f3-987a-cb721f7fcc4e,Manoj Mehta,+917390939295,bangalore,blr_hebbal,three_wheeler,2025-04-15,373,True,verified,True,True,False,True,True,cash,72,0.9159,0.0341,0.0009,0.1467,4.04,0.017,253.65,12.97,1112,11829.31,0.1117,False,False,False,,
973497d4-6526-4ad4-96ed-39e39ce0f85d,Senthil Das,+917888640508,bangalore,blr_jayanagar,two_wheeler,2020-07-23,2100,False,verified,True,True,True,True,True,upi,62,0.9224,0.0276,0.0016,0.1509,4.25,0.0257,115.99,9.53,4520,5383.4,0.3146,False,False,False,,
43b7365b-3bcf-46a4-94f3-876d68941825,Suresh Mishra,+918776367603,bangalore,blr_btm,three_wheeler,2024-08-18,613,True,verified,True,True,False,True,True,bank,69,0.9466,0.0034,0.0039,0.1218,3.91,0.1072,151.64,6.58,2135,12872.85,0.1471,False,False,False,,
1b57a5eb-fae5-44fe-a94b-03e22b74ed3d,Ganesh Chatterjee,+918138857702,bangalore,blr_rajajinagar,two_wheeler,2024-05-02,721,True,pending,True,True,False,True,True,upi,73,0.92,0.03,0.0014,0.2129,4.24,0.0373,30.71,1.0,2890,8284.21,0.1618,False,False,False,,
960a942d-35b9-4761-a83f-4e198012e7ab,Sunil Patel,+918485553380,bangalore,blr_jayanagar,mini_truck,2024-08-19,612,True,verified,True,True,True,True,True,upi,61,0.922,0.028,0.0078,0.1635,4.15,0.016,733.33,29.55,2162,30029.1,0.114,False,False,False,,
b7af82f6-4d77-4d68-8636-4e64ff918004,Dinesh Shaikh,+919716693156,bangalore,blr_jayanagar,two_wheeler,2024-01-25,819,True,verified,True,True,False,True,True,upi,127,0.9371,0.0129,0.0006,0.1313,3.83,0.0468,135.84,10.92,2600,8729.39,0.0,True,False,False,,
481299d1-5508-4329-b74c-2df77e4185e3,Rakesh Babu,+919456726684,bangalore,blr_hebbal,two_wheeler,2023-07-22,1006,True,verified,True,True,False,True,True,bank,48,0.937,0.013,0.0018,0.3167,4.74,0.0854,85.82,7.17,3796,8045.49,0.1252,False,False,False,,
a6e6dc1d-51f9-4329-9675-c7e063417c1e,Senthil Pillai,+919153217120,bangalore,blr_whitefield,mini_truck,2020-12-31,1939,True,verified,True,True,False,True,True,cash,91,0.8899,0.0601,0.0029,0.1174,4.17,0.0236,468.66,17.97,3504,11188.33,0.0823,False,False,False,,
3ace9717-233f-4d31-8263-49bbb854ca6c,Santosh Naidu,+916458863944,bangalore,blr_jayanagar,two_wheeler,2025-02-03,444,True,pending,True,True,False,True,True,bank,51,0.9434,0.0066,0.0048,0.0978,4.61,0.0127,116.93,8.97,1063,5395.35,0.2014,False,False,False,,
e8b39c14-a2c9-488a-8863-9d258ee18f7b,Nilesh Siddiqui,+917278081266,bangalore,blr_btm,mini_truck,2026-03-01,53,True,pending,True,True,False,False,False,upi,62,0.949,0.001,0.0018,0.1382,4.17,0.0742,575.68,18.29,94,14665.41,0.3106,False,True,True,,
c28b21c2-5b8c-4f92-9fa1-23611ef1964d,Kishan Singh,+919918325412,bangalore,blr_whitefield,mini_truck,2021-12-21,1584,True,verified,True,True,False,True,True,upi,91,0.9317,0.0183,0.0015,0.1734,3.64,0.0168,649.33,19.39,5125,32787.53,0.3453,False,False,False,,
88f971d1-b752-4414-bdeb-a26af2595b88,Krishan Chatterjee,+916512725349,bangalore,blr_jayanagar,truck_17ft,2021-09-10,1686,True,verified,True,True,False,True,True,bank,74,0.9374,0.0126,0.0002,0.1599,4.62,0.0169,2458.9,40.85,3047,37266.51,0.1316,False,False,False,,
8c995b5f-1772-43d8-961f-2907e838b0a9,Ritesh Pandey,+918570139328,bangalore,blr_marathahalli,mini_truck,2022-06-27,1396,True,verified,True,True,False,True,True,upi,94,0.9238,0.0262,0.0018,0.2575,4.75,0.0295,380.52,9.41,3980,17042.42,0.2136,False,False,False,,
d191f15f-3215-45e1-ad27-7fa02e81e995,Mohammed Pandey,+919589131370,bangalore,blr_jayanagar,three_wheeler,2021-10-16,1650,True,verified,True,True,True,True,True,bank,54,0.9381,0.0119,0.0029,0.2137,4.05,0.0887,289.65,16.48,1598,4719.13,0.3206,False,False,False,,
85d2c70c-befc-4c16-b4f5-a40394e745c1,Rakesh Bansal,+916542449300,bangalore,blr_whitefield,mini_truck,2025-01-23,455,True,verified,True,True,False,True,True,upi,99,0.938,0.012,0.0038,0.143,4.1,0.0937,590.32,26.26,1122,20361.28,0.0972,False,False,False,,
fc53bebd-991f-420c-b777-1ba000b8b730,Girish Shukla,+916249279426,bangalore,blr_jayanagar,mini_truck,2020-07-16,2107,True,unverified,True,True,False,True,True,upi,80,0.9056,0.0444,0.0021,0.1354,4.29,0.0269,323.05,8.94,4681,14270.42,0.1059,False,False,False,,
a14947dd-ac77-4802-adae-43ce07214ec3,Karthi Kumar,+918278021887,bangalore,blr_indiranagar,two_wheeler,2022-02-03,1540,True,verified,True,True,True,True,True,upi,90,0.9202,0.0298,0.0013,0.1671,4.69,0.0131,110.22,9.73,4334,5500.05,0.1944,False,False,False,,
6865d442-b732-4479-a58b-54cb0a93816b,Ibrahim Kulkarni,+917179794485,bangalore,blr_koramangala,mini_truck,2024-12-07,502,False,verified,True,True,False,True,True,bank,52,0.9468,0.0032,0.0003,0.1895,4.69,0.0047,595.52,14.81,747,9984.41,0.1864,False,False,False,,
b11eaa86-c723-4453-b618-dc387cba9209,Ramesh Dubey,+917580580926,bangalore,blr_electronic_city,mini_truck,2024-12-04,505,True,verified,True,True,False,True,True,upi,78,0.9244,0.0256,0.0003,0.1587,3.81,0.053,658.71,21.25,981,12090.21,0.1445,False,False,False,,
edd75ecc-9fb1-408f-a5b5-c7a661d55f1d,Dinesh Jain,+918216429802,bangalore,blr_hsr,three_wheeler,2023-06-04,1054,True,pending,True,True,False,True,True,upi,55,0.9449,0.0051,0.0006,0.1806,4.28,0.0123,210.11,8.36,3204,13889.71,0.1287,False,False,False,,
551d004b-8d2b-47c1-8634-efb7ac229119,Pavan Pandey,+916469397325,bangalore,blr_whitefield,three_wheeler,2025-10-18,187,True,verified,True,True,False,True,True,upi,85,0.9413,0.0087,0.0021,0.101,4.53,0.0863,151.98,5.98,450,12938.85,0.0168,False,False,False,,
846516d8-74da-4a01-8b9c-e1a7c01fc711,Vinod Raju,+917283611831,bangalore,blr_jayanagar,three_wheeler,2023-10-25,911,True,unverified,True,False,False,True,True,upi,41,0.8576,0.0924,0.0343,0.5168,3.9,0.1143,215.44,13.68,4507,17443.59,0.1255,False,False,True,,
15568edb-af04-4e59-8ccc-5d441fe804d7,Babu Shaikh,+919764013418,bangalore,blr_koramangala,two_wheeler,2023-01-10,1199,True,verified,True,True,False,True,True,upi,69,0.9334,0.0166,0.0067,0.2076,4.34,0.0308,67.94,5.68,1836,3880.86,0.2069,False,False,False,,
6e54b23b-2c5d-48ae-abf8-eb2e623f8e3c,Praveen Shah,+918993259114,bangalore,blr_jayanagar,three_wheeler,2025-11-16,158,True,verified,True,True,False,True,True,upi,58,0.9413,0.0087,0.0014,0.2789,3.99,0.057,194.58,7.62,496,13784.76,0.0844,False,False,False,,
0671786b-71a7-4a2d-9906-0b5927f50784,Praveen Das,+916676175252,bangalore,blr_yeshwanthpur,two_wheeler,2025-02-02,445,True,verified,True,True,False,True,True,upi,27,0.9342,0.0158,0.0009,0.2431,3.95,0.0609,70.71,4.44,1153,5950.53,0.1865,False,False,False,,
34635718-4e86-4180-9405-6dacaa8cfb12,Dinesh Iyer,+916435256715,bangalore,blr_indiranagar,two_wheeler,2025-09-28,207,True,verified,True,True,False,True,True,upi,62,0.9361,0.0139,0.0105,0.1732,4.12,0.0772,123.66,8.74,554,7264.67,0.3314,False,False,False,,
e3dc7d1e-0407-495b-a982-476ba2b9a1ad,Umesh Yadav,+917922532113,bangalore,blr_whitefield,two_wheeler,2025-06-11,316,True,verified,True,True,False,True,True,cash,79,0.9435,0.0065,0.0003,0.1573,4.34,0.075,31.02,1.0,1169,8770.71,0.0915,False,False,False,,
04a70fa6-20ea-4364-b569-9328b6f8369e,Praveen Murthy,+919299263875,bangalore,blr_bannerghatta,truck_17ft,2025-11-08,166,True,verified,True,True,False,True,True,upi,89,0.9266,0.0234,0.0025,0.132,4.15,0.0333,3435.17,69.62,290,40996.62,0.0774,False,False,False,,
dfed7f96-264d-48a9-95f7-268037f3600d,Basavaraj Joshi,+919585812700,bangalore,blr_hebbal,two_wheeler,2026-01-15,98,True,pending,False,True,False,True,True,upi,60,0.9035,0.0465,0.0028,0.0868,3.92,0.0879,89.78,6.35,153,2989.42,0.2985,False,False,False,,
a836c53c-f129-42f1-952d-2591059bc67e,Kumar Joshi,+916159953674,bangalore,blr_bannerghatta,two_wheeler,2025-11-13,161,True,expired,True,True,False,False,True,bank,54,0.9351,0.0149,0.0007,0.2673,4.53,0.0504,61.99,3.63,426,6553.58,0.2621,False,False,True,,
fe31e0ce-e109-4ff8-b86c-178d3bb4ae9f,Ashok Reddy,+919831482268,bangalore,blr_hsr,three_wheeler,2024-06-21,671,True,verified,True,True,True,True,True,upi,76,0.916,0.034,0.0003,0.1938,4.18,0.045,193.47,12.0,1902,11727.39,0.0612,False,False,False,,
0d351f05-dd62-4779-90b9-f855964213ed,Dinesh Rao,+916562869014,bangalore,blr_electronic_city,two_wheeler,2025-11-30,144,True,verified,True,True,False,True,True,upi,51,0.9392,0.0108,0.0019,0.2219,3.77,0.0497,46.5,2.76,425,7302.61,0.4009,False,False,False,,
14dbf280-58f4-4999-b1e0-5de7ae71d160,Karthi Pandey,+917157465877,bangalore,blr_yeshwanthpur,two_wheeler,2025-10-16,189,False,unverified,True,False,False,True,True,bank,80,0.9406,0.0094,0.0002,0.1504,4.31,0.044,67.48,3.39,810,11072.09,0.1043,False,False,True,,
3f8d7bb2-65dd-4849-a8ee-ed1d8a5c7db4,Praveen Patel,+916222060210,bangalore,blr_koramangala,two_wheeler,2020-07-17,2106,True,expired,True,True,False,True,True,upi,75,0.835,0.115,0.0113,0.4058,3.99,0.1921,125.34,12.02,2897,3530.02,0.2671,False,False,False,,
fcde7b66-ef25-4ff2-939c-a8a1065d1a8e,Raja Mehta,+917400520362,bangalore,blr_jayanagar,truck_14ft,2022-03-19,1496,True,verified,True,True,True,True,True,bank,106,0.9317,0.0183,0.0081,0.0765,3.96,0.0768,1529.52,42.76,5301,60304.51,0.0321,False,False,False,,
2fcd29ff-1f2c-425d-943e-19b1256a51b7,Lokesh Bansal,+918396251021,bangalore,blr_electronic_city,two_wheeler,2021-09-21,1675,True,unverified,True,False,False,True,True,upi,89,0.935,0.015,0.002,0.156,4.15,0.05,80.48,7.43,5708,8560.81,0.0843,False,False,True,,
636e9b01-e6ea-4dde-9516-c37864b51976,Babu Jain,+919496263577,bangalore,blr_yeshwanthpur,truck_14ft,2025-03-23,396,False,pending,True,True,False,True,True,upi,72,0.913,0.037,0.0002,0.1007,4.23,0.0342,1738.72,37.88,734,33377.57,0.0689,False,False,False,,
7f975d27-96d3-4fdd-9e06-f37b27ed6f7b,Paresh Gowda,+917496453944,bangalore,blr_koramangala,three_wheeler,2024-04-13,740,True,verified,True,True,True,True,True,upi,78,0.9289,0.0211,0.0048,0.1472,4.49,0.0285,281.82,19.44,1806,10935.38,0.075,False,False,False,,
4c71c0f7-d74a-4543-8bec-03317a94385b,Murugan Patil,+917814477280,bangalore,blr_bannerghatta,two_wheeler,2020-06-12,2141,True,verified,True,True,True,True,True,upi,26,0.9433,0.0067,0.0069,0.2183,4.8,0.0754,38.74,1.0,4739,4139.93,0.2558,False,False,False,,
32d10896-1fa5-477f-93fe-b4dfbff52a3a,Krishan Raju,+918446552053,bangalore,blr_electronic_city,three_wheeler,2026-03-24,30,True,verified,True,True,False,True,True,bank,72,0.8735,0.0765,0.0029,0.2084,4.1,0.0205,200.64,11.05,101,13519.17,0.3489,False,False,False,,
342aae4b-ca05-458b-9b04-866171d7f8c2,Abdul Singh,+917103269764,bangalore,blr_hsr,mini_truck,2025-11-29,145,True,verified,True,True,False,True,True,upi,93,0.9079,0.0421,0.0016,0.2536,3.73,0.1141,447.91,19.85,433,16639.79,0.3569,False,False,False,,
c684c90b-d222-4ae1-8a6c-2d48bd84bd06,Sunil Shukla,+916363980560,bangalore,blr_hsr,mini_truck,2024-05-12,711,True,verified,True,True,False,True,True,upi,47,0.9468,0.0032,0.0064,0.2383,4.23,0.0348,634.03,17.13,1674,20557.72,0.0482,False,False,False,,
ca4c6a2a-7ee0-4bb2-93bd-258f681bab66,Kiran Pillai,+916528000427,bangalore,blr_marathahalli,mini_truck,2024-04-25,728,True,unverified,True,True,False,True,True,cash,90,0.9492,0.0008,0.001,0.2643,4.24,0.0657,503.51,13.66,1345,15537.97,0.0923,False,False,False,,
bf308f9d-a542-4dfb-8abc-6c55d2c446ed,Ravi Patel,+916195749814,bangalore,blr_jayanagar,truck_17ft,2021-03-21,1859,True,verified,True,True,True,True,True,bank,47,0.9167,0.0333,0.0041,0.1861,3.92,0.0174,2802.08,52.83,5726,93783.12,0.0964,False,False,False,,
07ad79fd-6643-476c-a9c4-ecc8dc184d1b,Babu Nayak,+917901013205,bangalore,blr_hebbal,mini_truck,2023-04-24,1095,True,verified,True,True,True,True,True,upi,35,0.8956,0.0544,0.0079,0.2773,4.43,0.0274,760.33,25.77,4855,28972.78,0.1035,False,False,False,,
60d3af42-2c4b-40de-ac7d-a2a445913173,Shivakumar Gupta,+919588289663,bangalore,blr_indiranagar,mini_truck,2023-03-07,1143,True,verified,True,True,True,True,True,upi,52,0.9496,0.0004,0.0008,0.1461,4.03,0.0389,703.4,24.59,3522,29840.02,0.0936,False,False,False,,
b55847fc-c75b-423a-8cba-11c91ab01e78,Prakash Shetty,+918800549866,bangalore,blr_hsr,truck_17ft,2021-02-11,1897,True,verified,True,True,False,True,True,cash,71,0.9194,0.0306,0.0008,0.2188,4.49,0.025,2362.54,44.27,4090,61123.67,0.0209,False,False,False,,
7de4d77b-d02d-4fa7-b789-8871b97231e6,Karthi Iyer,+917533020890,bangalore,blr_jayanagar,two_wheeler,2025-09-22,213,True,verified,True,True,False,True,True,upi,86,0.9254,0.0246,0.0019,0.1233,4.38,0.004,64.96,7.7,307,3855.81,0.215,False,False,False,,
1d1724bb-0099-4a56-a6d7-8526083eb009,Rajesh Mehta,+919574930907,bangalore,blr_marathahalli,two_wheeler,2025-12-25,119,True,verified,True,True,False,True,True,upi,85,0.9388,0.0112,0.0009,0.1335,4.53,0.0421,136.61,11.27,287,6540.86,0.2816,False,False,False,,
e16cbefe-be15-4280-b634-b8cf782cf9ae,Prakash Yadav,+917230827450,bangalore,blr_yeshwanthpur,mini_truck,2024-11-29,510,True,verified,True,True,False,True,True,upi,67,0.9388,0.0112,0.0007,0.09,4.57,0.0183,563.58,21.3,1072,16820.51,0.1199,False,False,False,,
ac612f76-56b5-4487-b0f0-afafb00b7ec7,Salman Jain,+917555729541,bangalore,blr_koramangala,two_wheeler,2023-03-15,1135,False,verified,True,True,True,True,True,bank,98,0.9419,0.0081,0.0004,0.2048,4.28,0.0058,118.64,14.39,2538,5070.61,0.2254,False,False,False,,
4afd77be-89c5-461d-9a75-1d690b669902,Krishan Jain,+919520839034,bangalore,blr_marathahalli,three_wheeler,2024-11-10,529,True,verified,True,True,False,True,True,bank,66,0.9387,0.0113,0.0024,0.1886,4.27,0.0487,242.81,16.06,1295,10561.07,0.085,False,False,False,,
179a7809-336b-4dd2-ab42-55eec3ca2c94,Babu Menon,+917456321410,bangalore,blr_yeshwanthpur,two_wheeler,2020-08-18,2074,True,verified,True,True,True,True,True,upi,69,0.9446,0.0054,0.0008,0.1053,4.27,0.0402,169.49,15.0,3839,4502.72,0.1823,False,False,False,,
d62d0e80-9025-4553-bc39-c6d0244ab4b9,Mukesh Desai,+918182018300,bangalore,blr_hebbal,truck_14ft,2023-11-09,896,True,unverified,False,True,False,True,True,cash,100,0.9303,0.0197,0.0015,0.2017,3.96,0.0384,1793.82,36.53,1698,36141.83,0.0793,False,False,False,,
7fe6f4af-48e0-4ce2-99a3-d47898b6ae83,Mahesh Bansal,+916310803108,bangalore,blr_hsr,two_wheeler,2022-07-29,1364,True,verified,True,True,False,True,True,cash,44,0.7366,0.2134,0.05,0.4043,2.68,0.15,36.61,1.0,3064,4546.18,0.4698,False,False,False,,
a2d442fb-af92-48eb-9384-2faa3adc15fa,Rohan Agarwal,+917683662355,bangalore,blr_jayanagar,three_wheeler,2023-04-24,1095,True,verified,True,True,True,True,True,upi,96,0.9317,0.0183,0.0031,0.2599,4.33,0.0239,246.64,10.52,1011,3769.98,0.2137,False,False,False,,
266594c0-20c1-458a-8260-859a7936a741,Mukesh Shaikh,+916407672977,bangalore,blr_indiranagar,two_wheeler,2025-09-20,215,True,unverified,True,True,False,True,True,upi,86,0.942,0.008,0.003,0.1927,4.81,0.0159,121.39,10.71,493,4839.36,0.2097,False,False,False,,
d7e3e9bc-2dd9-4c43-97a1-38e2c98d7bfe,Rajan Naidu,+917756344118,bangalore,blr_rajajinagar,two_wheeler,2020-10-16,2015,True,verified,True,True,False,True,True,upi,95,0.9105,0.0395,0.0008,0.3009,4.73,0.0218,108.13,9.27,6144,8611.65,0.0943,False,False,False,,
54245cba-2b4d-453a-9ac1-3e46aba9e3ca,Senthil Ghosh,+918550284052,bangalore,blr_electronic_city,mini_truck,2020-11-03,1997,True,pending,True,True,False,False,True,upi,68,0.7923,0.1577,0.0971,0.5091,3.25,0.3672,427.5,14.84,4709,19440.31,0.295,True,False,True,,
78c8a361-2cb5-46d4-9029-c39390935fd3,Pavan Gowda,+916474110373,bangalore,blr_hebbal,two_wheeler,2022-12-29,1211,True,verified,True,True,False,True,True,upi,46,0.9094,0.0406,0.0026,0.1749,3.64,0.0289,43.13,5.11,2561,4456.44,0.5054,False,False,False,,
c9ede3d4-8707-4e87-9d0a-0d2a6c9a1966,Abdul Nayak,+916753175210,bangalore,blr_hebbal,two_wheeler,2025-07-25,272,True,unverified,True,True,False,True,True,upi,72,0.9287,0.0213,0.0005,0.2799,4.19,0.0397,118.83,9.96,540,4800.92,0.2196,False,False,False,,
1cbdf8ee-ee14-49d8-8be2-bb6940bfba59,Satish Bansal,+916266971770,bangalore,blr_rajajinagar,mini_truck,2023-07-19,1009,True,verified,True,True,True,True,True,upi,68,0.9354,0.0146,0.0006,0.1231,4.12,0.0987,771.65,30.0,2215,21698.22,0.1047,False,False,False,,
22d3dd63-b38e-41de-a623-a048ee622fa1,Kishan Dubey,+917118708141,bangalore,blr_jayanagar,two_wheeler,2025-09-13,222,True,verified,True,True,False,True,True,upi,83,0.9012,0.0488,0.0031,0.1964,3.96,0.0098,85.31,8.26,364,3402.43,0.2668,False,False,False,,
b1ab8a66-5dca-4c02-a40d-95391115beee,Santosh Mukherjee,+919106613324,bangalore,blr_koramangala,two_wheeler,2024-09-23,577,True,unverified,True,False,False,True,False,upi,71,0.9445,0.0055,0.0103,0.1363,3.7,0.033,138.86,11.11,1283,4988.64,0.4777,False,False,True,,
f2ae2220-c252-44f3-a535-14629984c8d6,Anil Kumar,+917657709625,bangalore,blr_btm,truck_14ft,2026-03-10,44,True,verified,True,True,False,True,True,upi,75,0.9474,0.0026,0.0011,0.2428,4.51,0.0085,1461.67,35.17,132,57869.01,0.2439,False,False,False,,
3c61cb5a-ab2f-4880-b67c-5877eefec7e8,Deepak Murthy,+919789430064,bangalore,blr_marathahalli,truck_14ft,2022-07-16,1377,True,verified,True,True,True,True,True,bank,57,0.9214,0.0286,0.0046,0.16,4.39,0.0858,1085.02,25.31,3819,62346.7,0.0364,False,False,False,,
701b57dd-66cc-45fc-a373-d6c1f7e453b2,Rohan Chatterjee,+918275717460,bangalore,blr_yeshwanthpur,truck_14ft,2020-06-24,2129,True,verified,True,True,True,True,True,upi,80,0.9178,0.0322,0.0023,0.2023,4.17,0.0033,1179.06,28.34,8179,71522.36,0.1548,False,False,False,,
df63d0f0-3d18-4d5b-af4d-c0e60a6e26e9,Harish Iyer,+917887520985,bangalore,blr_whitefield,two_wheeler,2021-09-22,1674,True,verified,True,True,True,True,True,upi,62,0.9291,0.0209,0.0003,0.3433,4.09,0.0345,131.99,11.66,4946,4859.43,0.1904,False,False,False,,
435ca5a0-1613-4093-b72e-23ac655d7a4b,Sunil Menon,+917371606889,bangalore,blr_btm,two_wheeler,2023-09-13,953,True,unverified,True,True,False,True,True,upi,63,0.9173,0.0327,0.0016,0.2256,4.19,0.0198,51.95,5.91,3121,7865.18,0.2431,True,False,False,,
408dc131-4278-4d88-9854-20aa1bc5e54c,Dinesh Shaikh,+917582687798,bangalore,blr_rajajinagar,two_wheeler,2025-06-01,326,True,verified,True,True,False,True,True,bank,52,0.9007,0.0493,0.0004,0.213,3.81,0.0619,63.77,3.93,832,5317.07,0.1867,False,False,False,,
801404ee-5219-43ed-8b61-88b9bd152bde,Naveen Bhat,+919268944329,bangalore,blr_electronic_city,mini_truck,2021-04-22,1827,True,verified,True,True,False,True,True,upi,50,0.9337,0.0163,0.001,0.1998,4.71,0.1001,594.51,21.09,2535,10963.75,0.0973,False,False,False,,
e33ecf0e-87be-41e2-a01b-f514b1ae6c5f,Rohan Dubey,+918227288158,bangalore,blr_whitefield,two_wheeler,2023-07-25,1003,True,expired,True,True,False,True,False,bank,59,0.9464,0.0036,0.0009,0.1074,4.42,0.0602,105.66,8.74,2464,6384.12,0.2993,False,False,False,,
278eb2a4-4da5-4f6f-9c9d-f1a706413b6f,Praveen Shah,+918493331854,bangalore,blr_bannerghatta,two_wheeler,2024-08-07,624,True,verified,True,True,False,True,True,upi,107,0.9426,0.0074,0.0041,0.1832,4.11,0.079,61.13,4.84,1075,4021.28,0.2261,False,False,False,,
550097c4-b470-42d1-ad39-7a776650b167,Abdul Rao,+918771116048,bangalore,blr_hebbal,mini_truck,2023-01-10,1199,True,verified,True,True,False,True,True,bank,87,0.9448,0.0052,0.0033,0.2315,4.54,0.0523,371.86,8.61,2865,19758.8,0.0406,False,False,False,,
8447ad89-449b-4ad4-bcef-bddcf31302eb,Sunil Raju,+916867826035,bangalore,blr_whitefield,mini_truck,2022-12-14,1226,True,verified,True,True,True,True,True,upi,57,0.9339,0.0161,0.0031,0.2105,4.31,0.0273,675.59,18.51,4657,32775.52,0.1396,False,False,False,,
d018cd15-8129-4a82-9096-b4f1ffa34433,Harish Siddiqui,+917716627990,bangalore,blr_whitefield,two_wheeler,2023-09-07,959,True,verified,True,True,False,True,True,upi,86,0.9168,0.0332,0.0035,0.2036,4.61,0.0931,94.22,6.76,2511,6998.89,0.2734,False,False,False,,
236abd7e-e571-4b33-a123-c2d3c97f37e2,Dinesh Ghosh,+917890780610,bangalore,blr_whitefield,two_wheeler,2022-10-26,1275,True,verified,True,True,False,True,True,upi,97,0.9191,0.0309,0.0004,0.1824,4.28,0.0466,58.05,4.01,3287,7519.69,0.2167,False,False,False,,
cc85c91f-8cd8-4f76-9c0b-d0914b1bf277,Vivek Ansari,+916896261917,bangalore,blr_electronic_city,mini_truck,2024-06-26,666,True,verified,True,True,False,True,True,upi,102,0.9331,0.0169,0.0039,0.1316,3.95,0.0483,464.96,11.71,1654,20235.57,0.0971,False,False,False,,
bdb66ea9-59bf-4893-b79d-39d20543de81,Vijay Jain,+918176518680,bangalore,blr_whitefield,two_wheeler,2025-02-19,428,False,verified,True,True,False,True,True,upi,69,0.9375,0.0125,0.0023,0.2278,4.69,0.0709,88.33,6.44,1121,6107.97,0.2691,False,False,False,,
acbd1d9b-4ade-4a0e-aa7e-85d43423b920,Krishan Gowda,+917711262709,bangalore,blr_hebbal,mini_truck,2020-12-10,1960,True,verified,True,True,True,True,True,upi,61,0.9412,0.0088,0.0007,0.1995,4.51,0.0305,270.06,3.31,6037,27503.43,0.0826,False,False,False,,
493868ba-707c-4cf9-b50c-f1f11a1366b9,Praveen Pandey,+919918075703,bangalore,blr_bannerghatta,three_wheeler,2024-02-24,789,True,verified,True,True,False,True,True,bank,117,0.9274,0.0226,0.0021,0.1626,3.98,0.0442,92.29,1.5,1970,9198.37,0.1407,False,False,False,,
ae3047d4-7625-4796-ba1f-40dfd33df301,Satish Pillai,+919554857888,bangalore,blr_marathahalli,truck_14ft,2020-07-27,2096,True,verified,True,True,True,True,True,upi,104,0.9236,0.0264,0.0063,0.2261,4.0,0.0087,1922.56,48.88,3581,37828.55,0.18,False,False,False,,
f5251667-d42e-4400-846e-c2b37dcc73c9,Mukesh Joshi,+919352471784,bangalore,blr_bannerghatta,two_wheeler,2021-08-06,1721,True,verified,True,True,True,True,True,upi,69,0.9367,0.0133,0.0059,0.1806,4.89,0.1261,109.32,11.99,4784,7033.82,0.2287,False,False,False,,
baf19cf7-da8e-498c-b1a8-7d6c8b363866,Imran Pillai,+918891798809,bangalore,blr_hsr,three_wheeler,2020-12-01,1969,True,verified,True,True,False,True,True,upi,59,0.9341,0.0159,0.0019,0.172,4.47,0.009,226.58,14.26,4209,8679.29,0.0055,False,False,False,,
7578aabb-1dd5-46b9-a5af-0b8e1259f508,Murugan Babu,+918305008471,bangalore,blr_hsr,two_wheeler,2025-03-25,394,True,verified,True,True,False,True,True,upi,66,0.9439,0.0061,0.0008,0.1402,4.31,0.0136,99.8,12.24,782,4084.71,0.1702,False,False,False,,
4211b5e0-f4dc-4be9-9ee8-ff9bc99774db,Ajay Reddy,+916399524834,bangalore,blr_rajajinagar,three_wheeler,2023-07-03,1025,True,verified,True,True,True,True,True,bank,64,0.9469,0.0031,0.0011,0.1207,4.14,0.0442,274.48,11.8,2421,11599.53,0.0266,False,False,False,,
c488aca4-0694-46d7-9001-4116e5bc5031,Mahesh Menon,+919555890299,bangalore,blr_hebbal,three_wheeler,2024-05-22,701,True,unverified,False,False,False,True,True,upi,75,0.9454,0.0046,0.0002,0.2446,4.33,0.0453,107.14,4.67,2382,16771.98,0.1748,False,False,True,,
5b910569-dda1-41ce-b2c2-cc7729878a41,Girish Agarwal,+919208257143,bangalore,blr_yeshwanthpur,mini_truck,2024-02-01,812,True,verified,True,True,False,True,True,upi,34,0.9276,0.0224,0.0007,0.1991,4.29,0.0737,824.5,23.86,2082,14248.45,0.0548,False,False,False,,
c6bf05cd-743f-4d24-b9ad-5570daec7e46,Vivek Sharma,+919939767716,bangalore,blr_jayanagar,two_wheeler,2024-05-03,720,True,unverified,True,True,False,True,True,cash,61,0.9438,0.0062,0.0028,0.0876,4.87,0.0056,89.74,10.9,1762,5025.28,0.2714,False,False,False,,
c64bd2e2-7771-4f89-b539-d229900a6d47,Rajan Sharma,+917555533339,bangalore,blr_hebbal,three_wheeler,2023-11-20,885,True,verified,True,True,False,True,True,upi,93,0.9456,0.0044,0.002,0.1574,4.02,0.0157,157.54,8.9,1910,5464.17,0.2415,False,False,False,,
255bf313-9586-4ecd-9487-a4d6c42130b5,Mani Hegde,+918295598621,bangalore,blr_indiranagar,two_wheeler,2022-08-19,1343,True,verified,True,True,False,True,True,upi,93,0.7596,0.1904,0.05,0.4089,2.68,0.2221,73.88,5.44,3338,5337.12,0.4536,True,False,False,,
1da54062-4ef8-4ec1-9d89-db974c2d1ab1,Deepak Sharma,+916879553386,bangalore,blr_btm,two_wheeler,2022-07-04,1389,True,verified,True,True,False,True,True,bank,66,0.9449,0.0051,0.0026,0.1838,4.55,0.0217,136.18,10.49,2388,3412.97,0.3515,False,False,False,,
9577fdc4-5ec5-454d-b846-9034ac520dbe,Manish Gowda,+916437602287,bangalore,blr_koramangala,two_wheeler,2024-01-12,832,True,verified,True,True,False,True,True,upi,104,0.9018,0.0482,0.0009,0.166,4.48,0.0281,123.7,10.05,1946,4705.12,0.2586,False,False,False,,
eb407066-bd6b-421b-8e85-cc9191b3b805,Ramesh Kulkarni,+917281310905,bangalore,blr_hebbal,two_wheeler,2026-01-19,94,True,verified,True,True,False,True,True,bank,73,0.9324,0.0176,0.0012,0.2053,4.25,0.0,122.6,13.55,235,4536.8,0.2458,False,False,False,,
4a2d2059-96b1-4742-83a7-7f1b94825a86,Babu Chatterjee,+918260007496,bangalore,blr_indiranagar,mini_truck,2025-08-08,258,True,expired,True,True,False,True,True,upi,57,0.9481,0.0019,0.007,0.2912,4.24,0.1455,473.62,15.44,1263,33686.88,0.1308,False,False,False,,
ad66da7e-2b73-4340-890d-08d11bd3cab3,Anil Ansari,+918410525187,bangalore,blr_rajajinagar,two_wheeler,2023-12-31,844,True,verified,True,True,False,True,True,upi,79,0.9467,0.0033,0.0024,0.0908,4.23,0.007,105.27,10.59,1814,5200.78,0.2109,False,False,False,,
85c42723-b8a0-4fcc-bc78-1fb6a1a6f9b0,Selvam Menon,+917751068551,bangalore,blr_hsr,mini_truck,2024-10-06,564,True,unverified,True,True,False,True,False,upi,137,0.8897,0.0603,0.0005,0.2258,4.09,0.0424,651.13,23.38,1014,14373.25,0.1855,False,False,False,,
971db4bf-8a98-402f-af4b-55f1697cdeb9,Naveen Mukherjee,+919805072136,bangalore,blr_marathahalli,two_wheeler,2024-02-03,810,True,verified,True,True,False,True,True,upi,62,0.843,0.107,0.0257,0.3181,4.04,0.0646,115.14,14.91,2273,5374.2,0.2649,False,False,False,,
97440321-7371-497f-a037-561801804573,Santosh Mehta,+918754577702,bangalore,blr_rajajinagar,three_wheeler,2023-10-21,915,True,verified,True,True,False,True,True,upi,85,0.9449,0.0051,0.002,0.2443,4.75,0.0979,130.52,6.21,2647,11786.81,0.1536,False,False,False,,
97912aef-5f5b-44db-b31e-aefe3f0eb73d,Anil Raju,+917343485665,bangalore,blr_yeshwanthpur,mini_truck,2021-05-15,1804,True,verified,True,True,True,True,True,upi,75,0.9453,0.0047,0.0008,0.2395,3.98,0.0521,522.59,17.4,1597,7068.91,0.1907,False,False,False,,
25a0d3fd-5235-44ef-8775-c92e99e876ca,Mahesh Mishra,+919505854683,bangalore,blr_whitefield,three_wheeler,2024-10-09,561,True,verified,True,True,False,True,True,upi,77,0.9392,0.0108,0.0023,0.2877,4.13,0.061,186.13,10.45,1436,12141.17,0.0842,False,False,False,,
e85b8a65-d974-4b1b-a530-818b7ada257f,Lokesh Garg,+917191028891,bangalore,blr_indiranagar,three_wheeler,2021-05-21,1798,True,verified,True,True,False,True,True,upi,86,0.9323,0.0177,0.001,0.2135,4.43,0.0513,135.65,4.63,4834,13216.76,0.1015,False,False,False,,
f487f19e-204b-4320-b271-e18f36260512,Ravi Garg,+917639902282,bangalore,blr_rajajinagar,three_wheeler,2024-02-04,809,True,verified,True,True,False,True,True,upi,49,0.9457,0.0043,0.0026,0.143,4.33,0.0961,228.16,15.46,1585,7444.57,0.2662,True,False,False,,
f14b32b0-9931-4100-9206-03f6613cbf3a,Vivek Dubey,+919393391940,bangalore,blr_bannerghatta,two_wheeler,2025-01-31,447,True,pending,True,True,False,True,True,bank,78,0.808,0.142,0.0263,0.2737,3.74,0.05,114.54,11.24,946,5074.21,0.4635,False,False,False,,
bc0f8e01-6c8e-458d-9a73-69eb1c52cfdf,Sunil Mukherjee,+918142412424,bangalore,blr_electronic_city,mini_truck,2020-08-12,2080,True,verified,True,True,True,True,True,upi,55,0.8826,0.0674,0.0023,0.1506,4.54,0.0361,283.72,12.55,3385,11738.44,0.0527,False,False,False,,
05ba4fd3-214d-4c18-9785-28c51cf4aef3,Lokesh Bhat,+916817274251,bangalore,blr_electronic_city,mini_truck,2023-03-30,1120,True,verified,True,True,False,True,True,upi,66,0.9436,0.0064,0.0011,0.1365,4.55,0.025,431.15,15.74,3346,24333.17,0.1179,False,False,False,,
d5e083bf-f31d-412f-bf85-d4e9f9fb66bb,Manish Dubey,+918667124984,bangalore,blr_jayanagar,three_wheeler,2025-03-05,414,True,verified,True,True,False,True,True,bank,104,0.9071,0.0429,0.0001,0.1707,4.35,0.0476,341.48,20.0,596,5352.22,0.3171,False,False,False,,
3c4af0df-d0f0-4637-988a-9956da0bdbd7,Ashok Shaikh,+918180405917,bangalore,blr_btm,truck_14ft,2025-06-07,320,True,verified,True,True,False,True,True,bank,90,0.8,0.15,0.1562,0.4623,3.59,0.2308,1643.96,37.5,881,50998.31,0.3144,False,False,False,,
10449b50-3de1-4de4-b9eb-366ffc6b9159,Ritesh Nayak,+918966870890,bangalore,blr_indiranagar,truck_14ft,2021-08-22,1705,True,verified,True,True,False,True,True,bank,36,0.9123,0.0377,0.0043,0.1745,4.31,0.0441,1457.05,25.21,4811,18366.18,0.1959,False,False,False,,
8f69c6bf-d451-453a-b2cc-535cb93e6237,Karthi Pandey,+918833762630,bangalore,blr_bannerghatta,truck_14ft,2021-02-09,1899,True,verified,True,True,True,True,True,upi,31,0.9488,0.0012,0.0012,0.2012,3.87,0.0656,1285.13,27.35,5003,53433.4,0.0868,False,False,False,,
ac61b916-98be-4664-b526-e71b2e3ab0d8,Salman Siddiqui,+919607917975,bangalore,blr_bannerghatta,three_wheeler,2024-07-17,645,True,pending,True,True,False,True,True,bank,64,0.9285,0.0215,0.0049,0.0864,4.76,0.0955,235.91,9.51,1952,16855.86,0.0801,False,False,False,,
70eaa495-766f-4244-8774-4d15530027ba,Senthil Kulkarni,+919526024911,bangalore,blr_indiranagar,two_wheeler,2020-07-22,2101,True,verified,True,True,False,True,True,upi,74,0.9319,0.0181,0.0001,0.236,4.44,0.037,73.95,8.68,4339,5376.69,0.1421,False,False,False,,
443d26a9-1c45-4540-9c12-1083b808a50b,Venkatesh Ansari,+918360474519,bangalore,blr_koramangala,two_wheeler,2024-01-02,842,True,verified,True,True,False,True,True,upi,76,0.9286,0.0214,0.0051,0.173,4.42,0.0302,68.28,5.03,2321,3013.48,0.2783,False,False,False,,
e8c2a4be-d197-4fcc-9446-eeffb69316a0,Ritesh Singh,+918224533623,bangalore,blr_btm,mini_truck,2023-03-29,1121,True,verified,True,True,False,True,True,upi,82,0.9174,0.0326,0.0006,0.165,3.84,0.0095,332.34,9.62,4035,34422.59,0.0779,False,False,False,,
52dfb5cd-80f5-4f04-9bd3-58c73f03a619,Selvam Reddy,+918324402155,bangalore,blr_hsr,two_wheeler,2024-03-24,760,True,verified,True,True,False,True,True,bank,76,0.9108,0.0392,0.0011,0.2822,4.44,0.0399,92.15,7.06,2107,5883.34,0.2573,False,False,False,,
02cfcaac-ad02-40b2-8891-e7c56d9a2d2c,Lokesh Reddy,+919724944711,bangalore,blr_indiranagar,two_wheeler,2025-12-18,126,True,verified,True,True,False,True,True,upi,100,0.9405,0.0095,0.0016,0.1649,4.3,0.0379,109.35,9.99,416,8643.05,0.0273,False,False,False,,
e1d824ad-fc04-4be2-8c75-4f5d723fcd0c,Mani Bansal,+916438652669,bangalore,blr_btm,three_wheeler,2026-02-08,74,True,pending,True,True,False,True,True,upi,94,0.9252,0.0248,0.0027,0.1109,4.63,0.0141,187.45,9.07,181,11484.86,0.3184,False,False,False,,
eada013a-3205-4edd-a3ad-f3cb43b55822,Rakesh Shah,+917431759557,bangalore,blr_whitefield,three_wheeler,2023-03-17,1133,True,expired,False,False,False,True,True,upi,83,0.9376,0.0124,0.0019,0.1828,4.04,0.0349,216.36,10.04,3117,11646.5,0.1226,False,False,True,,
1fd6869a-1f00-40a6-9133-b703eff524ec,Thirumalai Naidu,+919883023291,bangalore,blr_indiranagar,three_wheeler,2024-03-20,764,True,verified,True,True,False,True,True,upi,14,0.9247,0.0253,0.0028,0.2213,4.37,0.0789,201.22,16.41,2425,11593.14,0.2604,False,False,False,,
19a94da5-b508-48a1-a967-8493a5ce2c06,Imran Iyer,+917158569864,bangalore,blr_koramangala,three_wheeler,2025-06-30,297,True,verified,True,True,False,True,True,bank,70,0.944,0.006,0.0009,0.1754,4.34,0.0782,281.56,16.78,648,8377.04,0.0299,False,False,False,,
2298c84c-48de-40b2-a7c3-fe9d49197728,Paresh Nair,+919104877819,bangalore,blr_indiranagar,three_wheeler,2023-11-25,880,True,verified,True,True,False,True,True,upi,82,0.9252,0.0248,0.0,0.1053,4.37,0.0262,120.61,6.11,2067,10463.58,0.1352,False,True,False,,
966916d0-ecaa-4406-9f7e-a57578e3b492,Sunil Swamy,+916720403173,bangalore,blr_yeshwanthpur,three_wheeler,2023-07-11,1017,True,unverified,True,True,False,True,True,cash,86,0.9373,0.0127,0.0012,0.201,4.21,0.0153,317.03,20.0,1448,4720.76,0.247,False,False,False,,
3e63f2f2-8a6a-4866-b0e5-d0166de0efd0,Kiran Sharma,+916474034777,bangalore,blr_hebbal,mini_truck,2020-05-25,2159,True,expired,True,True,True,True,True,bank,49,0.9057,0.0443,0.0018,0.2687,4.41,0.0727,358.35,6.67,5898,22557.01,0.2028,False,False,False,,
c70db5bc-0108-4159-97ae-730b80ff25f4,Harish Shetty,+917917139809,bangalore,blr_hsr,three_wheeler,2024-08-28,603,True,verified,True,True,False,True,True,upi,56,0.9009,0.0491,0.0002,0.2349,4.6,0.0147,224.42,8.16,1655,11848.0,0.2223,False,False,False,,
ce7a4113-7247-4763-9990-369c1274b2f5,Rajesh Shukla,+917224562518,bangalore,blr_hebbal,two_wheeler,2024-11-05,534,True,pending,True,False,False,True,True,upi,49,0.9321,0.0179,0.0038,0.1723,4.35,0.0491,37.22,1.0,1953,10255.86,0.1981,False,False,True,,
75eea856-0ec8-47af-acc4-a2ba0554f77e,Mukesh Tiwari,+919679936174,bangalore,blr_hsr,two_wheeler,2024-08-30,601,True,verified,True,True,False,True,True,upi,82,0.9482,0.0018,0.0017,0.2334,4.39,0.0215,67.65,10.34,1470,7205.0,0.1576,False,False,False,,
302872f3-922c-4e34-8e03-33679e497489,Arjun Bansal,+917462743903,bangalore,blr_rajajinagar,two_wheeler,2023-12-28,847,True,verified,True,True,False,True,True,bank,82,0.917,0.033,0.0077,0.2726,4.23,0.0447,81.81,7.23,2023,6018.67,0.2126,False,False,False,,
972abadd-8499-4248-ad10-6c245268a955,Satish Rao,+916675466290,bangalore,blr_btm,three_wheeler,2020-07-14,2109,True,verified,True,True,True,True,True,upi,86,0.9446,0.0054,0.001,0.1443,4.57,0.0192,200.93,10.86,5221,11816.13,0.0937,False,False,False,,
6dca47df-7b56-47cc-beb0-ea744bb7dda5,Rakesh Patel,+917641009004,bangalore,blr_koramangala,mini_truck,2025-05-04,354,True,verified,True,True,False,True,True,upi,75,0.9399,0.0101,0.008,0.2779,4.37,0.0192,499.49,22.49,888,17189.85,0.0718,False,False,False,,
0b24f566-6d75-4d0c-9f5f-23ba9b366bdf,Manoj Yadav,+919120266957,bangalore,blr_hebbal,two_wheeler,2023-10-17,919,True,verified,True,True,False,True,True,upi,51,0.9254,0.0246,0.001,0.0636,4.47,0.0157,83.72,8.26,1895,5609.79,0.222,False,False,False,,
1ef63140-dc3b-4f81-a730-640fd8620057,Rajesh Chatterjee,+919559393811,bangalore,blr_bannerghatta,mini_truck,2023-09-04,962,False,verified,True,True,False,True,True,upi,43,0.8869,0.0631,0.0008,0.2751,4.88,0.0424,463.2,14.23,2017,17778.56,0.0939,False,False,False,,
0e4545a0-7eec-4143-b069-cea7b97e066e,Manish Shah,+917863091407,bangalore,blr_hebbal,two_wheeler,2023-04-20,1099,False,verified,True,True,False,True,True,cash,54,0.9089,0.0411,0.0071,0.2442,4.41,0.027,136.96,15.0,4115,8183.79,0.1367,False,False,False,,
6eaff280-ffd6-4e5b-a0ae-d0c5a65132c5,Rajesh Naidu,+916999540462,bangalore,blr_yeshwanthpur,two_wheeler,2024-04-05,748,True,verified,True,True,False,True,True,cash,53,0.9462,0.0038,0.0048,0.1877,3.77,0.0541,94.28,10.55,2176,8578.18,0.2247,False,False,False,,
747547ce-b40b-4302-b44e-f625b17c3093,Prakash Iyer,+917868649960,bangalore,blr_hsr,two_wheeler,2024-12-16,493,True,verified,True,True,False,True,True,upi,50,0.7575,0.1925,0.01,0.3551,3.35,0.05,64.77,6.9,832,4527.23,0.5445,False,True,False,,
4c36e939-d6fd-4d58-aed9-c03601118649,Suresh Raju,+919877463704,bangalore,blr_bannerghatta,three_wheeler,2021-05-03,1816,False,verified,True,True,False,True,True,cash,74,0.9017,0.0483,0.0,0.1911,4.57,0.0462,273.99,16.48,4588,13286.98,0.0996,False,False,False,,
96ca552c-f7a3-4ec0-a54c-ebc7f783e167,Raja Nair,+916340274606,bangalore,blr_whitefield,mini_truck,2023-04-26,1093,True,verified,True,True,True,True,True,cash,74,0.9259,0.0241,0.0001,0.2163,4.34,0.1024,267.23,8.97,1969,14754.43,0.0728,False,False,False,,
2c57ea99-8e62-4124-b1ae-5906eef09346,Umesh Reddy,+918694592932,bangalore,blr_yeshwanthpur,truck_17ft,2025-04-07,381,True,verified,True,True,False,True,True,upi,74,0.7344,0.2156,0.0233,0.4251,4.5,0.0879,2515.49,61.53,985,63401.1,0.0674,False,False,False,,
b0f95a6e-8d89-443f-bcfe-ba04f1d84d0d,Prakash Shukla,+917634407603,bangalore,blr_jayanagar,mini_truck,2023-01-14,1195,True,unverified,False,True,True,True,True,bank,64,0.9274,0.0226,0.0011,0.2649,3.86,0.1031,320.07,5.09,3637,29002.69,0.098,False,False,False,,
bfd4410c-642d-42eb-90b3-6d5e033fef7e,Shivakumar Das,+917856518789,bangalore,blr_jayanagar,three_wheeler,2020-12-14,1956,True,verified,True,True,True,True,True,upi,57,0.9378,0.0122,0.0033,0.2481,4.48,0.0764,340.63,16.54,3093,6162.7,0.2793,False,False,False,,
09c6cafa-52b3-474e-80a1-556519c1f0a6,Rajesh Jain,+919509916969,bangalore,blr_indiranagar,mini_truck,2022-07-26,1367,True,pending,False,True,False,True,True,upi,43,0.9162,0.0338,0.0005,0.2484,4.57,0.0236,465.56,14.98,4099,22183.97,0.0459,False,False,False,,
6089aa7f-a3f1-4daa-9adf-b7c4387ae2d5,Manish Khan,+917154762185,bangalore,blr_hebbal,mini_truck,2023-12-07,868,True,verified,True,True,False,True,True,bank,67,0.8738,0.0762,0.0025,0.1447,4.4,0.0384,460.81,13.75,2689,27982.78,0.088,False,False,False,,
8eadf706-27ee-409a-9157-17e6cf06b20b,Dinesh Gupta,+918551624332,bangalore,blr_hsr,two_wheeler,2025-02-08,439,False,verified,True,True,False,True,True,bank,87,0.9,0.05,0.0332,0.6244,2.72,0.1091,78.43,7.61,1037,5670.47,0.3677,False,False,False,,
79831caf-3270-41de-a652-9ead2da5516b,Pavan Yadav,+918299514240,bangalore,blr_rajajinagar,two_wheeler,2022-10-02,1299,True,expired,True,True,False,True,True,upi,106,0.9032,0.0468,0.0003,0.1213,4.21,0.0161,70.69,3.36,2191,3759.43,0.2328,False,False,False,,
0e1b67dd-1cb8-4fb0-aa47-8ae89dbff892,Mani Sharma,+919686960743,bangalore,blr_rajajinagar,two_wheeler,2024-10-31,539,True,unverified,True,True,False,True,True,upi,107,0.9454,0.0046,0.0001,0.2296,4.27,0.0205,111.34,11.53,914,2988.17,0.2111,False,False,False,,
0217b043-1ab4-4f0c-a8d0-b8eebc1839ec,Praveen Shukla,+919414389507,bangalore,blr_electronic_city,mini_truck,2021-07-03,1755,True,pending,True,True,True,True,True,upi,81,0.8997,0.0503,0.0372,0.3446,3.55,0.1445,743.3,30.0,4016,15435.67,0.2615,False,False,False,,
1019ef17-25da-4d29-9f95-44325cbaec3e,Salman Raju,+917207273415,bangalore,blr_hebbal,three_wheeler,2026-03-02,52,True,verified,True,True,False,True,True,upi,61,0.9486,0.0014,0.0003,0.1529,4.88,0.0421,262.37,15.61,155,13792.49,0.3546,False,False,False,,
4e009b88-faea-4cab-a337-6e5c02067d0f,Manish Pillai,+917789804622,bangalore,blr_electronic_city,two_wheeler,2025-11-10,164,False,verified,True,True,False,True,True,upi,48,0.9325,0.0175,0.0021,0.2433,3.71,0.0065,105.42,9.4,455,5754.97,0.4448,False,False,False,,
65f0e319-be06-4ce4-b31b-4aea6e2be61b,Praveen Raju,+918573515756,bangalore,blr_whitefield,two_wheeler,2024-03-15,769,True,expired,False,True,False,True,True,upi,74,0.9371,0.0129,0.0009,0.1101,4.76,0.0303,62.35,2.95,1858,6355.53,0.2432,False,False,False,,
bf4b5fef-abcd-41b8-a608-6891766b7183,Ajay Jain,+917988432450,bangalore,blr_koramangala,two_wheeler,2022-08-06,1356,True,pending,True,True,True,True,True,upi,56,0.9137,0.0363,0.0006,0.185,3.94,0.0169,93.62,9.63,4213,5917.2,0.2526,False,False,False,,
aeb7d5c5-e068-4e3e-993a-417882121cee,Mahesh Mishra,+916981030786,bangalore,blr_marathahalli,three_wheeler,2022-12-31,1209,True,pending,True,True,False,True,True,upi,60,0.9281,0.0219,0.0002,0.2239,4.33,0.0438,195.61,9.86,2219,5393.98,0.268,True,False,False,,
b69dccb7-75d9-4684-b92a-ca3b2aef2ca3,Ravi Bansal,+919295884559,bangalore,blr_rajajinagar,truck_17ft,2023-02-24,1154,True,verified,True,True,False,True,True,upi,120,0.9381,0.0119,0.0015,0.1681,4.44,0.0557,2895.13,63.57,4200,81982.25,0.1722,False,False,False,,
8b4fbbb5-086c-48f9-831f-3c37816dae0b,Kishan Nayak,+919769846344,bangalore,blr_hsr,mini_truck,2025-05-13,345,True,verified,True,True,False,True,True,upi,81,0.9457,0.0043,0.0003,0.1818,4.51,0.0877,263.34,5.77,664,15197.4,0.1354,False,False,False,,
03abb499-354d-4891-b176-f66db0737f4d,Ramesh Bhat,+919334530094,bangalore,blr_electronic_city,two_wheeler,2022-01-22,1552,True,verified,True,True,True,True,True,upi,81,0.9278,0.0222,0.0023,0.0989,4.31,0.0766,111.37,7.37,3977,5367.45,0.1893,False,False,False,,
69c1997d-d517-447c-9319-20d8ddf5018b,Karthi Siddiqui,+919934226658,bangalore,blr_yeshwanthpur,two_wheeler,2023-03-19,1131,True,verified,True,True,False,True,True,upi,57,0.9335,0.0165,0.0005,0.0825,5.0,0.0194,107.29,10.19,4256,8976.6,0.0,False,False,False,,
a029010e-eafc-4985-bd7d-2a9c2bef8efe,Mohammed Pandey,+919975475397,bangalore,blr_jayanagar,three_wheeler,2021-11-28,1607,True,pending,True,True,False,True,True,bank,44,0.9189,0.0311,0.0001,0.1235,3.79,0.0529,201.21,10.54,4505,14025.57,0.3285,False,False,False,,
237feac7-2c7d-442b-9397-0e44c49716f3,Ramesh Ghosh,+916232033141,bangalore,blr_hsr,truck_14ft,2024-06-10,682,True,verified,True,True,False,True,True,upi,55,0.9485,0.0015,0.0076,0.189,3.81,0.0369,1038.97,21.21,1715,49065.3,0.0788,False,False,False,,
6df23c54-c573-4b9c-8793-8cb996ab425e,Ashok Reddy,+917625318223,bangalore,blr_bannerghatta,mini_truck,2025-11-24,150,True,verified,True,True,False,True,True,upi,74,0.9423,0.0077,0.0003,0.2453,4.34,0.0868,325.88,7.24,401,20641.92,0.1011,False,False,False,,
8e028f6b-f6b2-415d-9bff-fee2b030c5d1,Ramesh Chatterjee,+918116108043,bangalore,blr_yeshwanthpur,three_wheeler,2022-12-14,1226,True,verified,True,True,True,True,True,upi,59,0.9314,0.0186,0.0014,0.1936,4.36,0.0414,150.76,8.3,4061,11913.03,0.1628,False,False,False,,
6773f344-cbb1-43cd-b00e-90037dcf1d87,Rajan Sharma,+916963152366,bangalore,blr_hsr,two_wheeler,2020-06-26,2127,True,verified,True,True,True,True,True,cash,84,0.9222,0.0278,0.0008,0.1286,3.86,0.0053,100.14,7.77,5006,4642.49,0.1869,False,False,False,,
528fc694-48f8-4ae9-8d7f-8e45a045ad72,Mahesh Kulkarni,+916788488459,bangalore,blr_electronic_city,mini_truck,2023-09-02,964,True,verified,True,True,False,True,True,upi,61,0.9093,0.0407,0.0014,0.2052,3.91,0.0525,360.75,9.24,2488,20217.73,0.064,False,False,False,,
4566df30-aeca-453f-beec-50dcf35dbc8f,Vinod Shukla,+918837048562,bangalore,blr_whitefield,mini_truck,2021-06-12,1776,True,verified,True,True,False,True,True,upi,52,0.9278,0.0222,0.0035,0.1251,4.12,0.1207,512.49,12.87,4500,16016.03,0.0802,False,False,False,,
5ae6b907-5daf-4be9-ae87-aaee9f58a1bc,Kumar Tiwari,+917418127384,bangalore,blr_yeshwanthpur,three_wheeler,2022-07-11,1382,True,verified,True,True,True,True,True,upi,53,0.9313,0.0187,0.0037,0.1776,4.17,0.0527,300.27,18.29,3650,10316.94,0.0392,False,False,False,,
490e1a24-aaef-4241-957a-a9c5bab397c1,Kumar Jain,+918762008833,bangalore,blr_electronic_city,truck_17ft,2024-10-16,554,True,verified,True,True,False,True,True,upi,85,0.9462,0.0038,0.0015,0.2521,4.81,0.0169,2130.42,40.46,1631,57896.03,0.0825,False,False,False,,
d8c552f6-2df4-44ae-a38d-2bd03a515539,Imran Raju,+918556754153,bangalore,blr_indiranagar,mini_truck,2023-07-05,1023,True,unverified,True,True,False,False,True,upi,49,0.9126,0.0374,0.0016,0.2171,4.48,0.0075,201.19,2.89,2347,18518.72,0.1039,False,False,True,,
511c527a-f572-4ccf-91b4-7d928697c130,Dinesh Ansari,+916954930660,bangalore,blr_whitefield,two_wheeler,2024-04-05,748,False,expired,False,True,False,True,True,bank,35,0.9191,0.0309,0.0029,0.0779,4.13,0.0654,55.05,3.37,1419,4025.57,0.2607,True,False,False,,
d2a50a2f-a147-40ca-a3c5-044fde0006d1,Pavan Nayak,+917791517254,bangalore,blr_jayanagar,mini_truck,2025-06-30,297,True,verified,True,True,False,True,True,upi,93,0.8953,0.0547,0.0003,0.2434,4.04,0.0333,610.89,17.48,1011,28102.98,0.0447,False,False,False,,
11d09b2f-b85e-4da2-bf63-9aadb9ec4cb5,Rajesh Singh,+918923481474,bangalore,blr_bannerghatta,two_wheeler,2024-10-26,544,True,verified,True,True,False,True,True,upi,84,0.9403,0.0097,0.0002,0.2226,4.36,0.0529,67.13,4.42,326,1168.34,0.2437,False,False,False,,
f210882e-41e6-406d-b07a-4372f67bdbf2,Ajay Shah,+919941813824,bangalore,blr_yeshwanthpur,two_wheeler,2024-02-07,806,True,verified,True,True,False,True,True,cash,55,0.8,0.15,0.1581,0.3,2.92,0.308,64.57,5.38,2640,6028.03,0.4579,False,False,False,,
7f93ed96-f2d3-4656-a4f9-522bf5c20705,Suresh Shetty,+919558527215,bangalore,blr_jayanagar,two_wheeler,2022-01-06,1568,True,verified,True,True,False,True,True,bank,44,0.9103,0.0397,0.0068,0.0991,4.77,0.0195,75.57,7.31,3423,4592.82,0.1803,False,False,False,,
94dfe02e-024e-4c44-829f-9fcede11e8f2,Nilesh Bhat,+918764631338,bangalore,blr_hebbal,two_wheeler,2024-03-02,782,True,verified,True,True,False,True,True,bank,18,0.835,0.115,0.0343,0.3308,3.22,0.05,102.58,10.24,2238,6378.45,0.4449,True,False,False,,
9432bec7-0e2b-4b17-afb5-2d72e2eb870e,Naresh Iyer,+917979973079,bangalore,blr_koramangala,mini_truck,2023-04-29,1090,True,verified,True,True,False,True,True,bank,41,0.9458,0.0042,0.0021,0.1097,4.3,0.0079,594.65,21.96,2252,18667.39,0.0417,False,False,False,,
ec79d88d-b031-49c7-9cc7-e27f0ea4f862,Ramesh Iyer,+916344023045,bangalore,blr_jayanagar,two_wheeler,2024-07-16,646,True,verified,True,True,False,True,True,bank,63,0.9059,0.0441,0.0045,0.1967,3.79,0.0205,92.11,6.31,1592,6968.58,0.4295,False,False,False,,
d4bc81b8-10d2-4099-966f-2a91dabdb060,Manish Mehta,+916970440978,bangalore,blr_bannerghatta,mini_truck,2022-08-31,1331,True,verified,True,True,False,True,True,upi,60,0.9485,0.0015,0.0012,0.1818,4.37,0.0192,611.01,23.52,2587,18178.92,0.1105,False,False,False,,
c1d4f1db-340f-42da-b77f-bec97a8fb93b,Murugan Singh,+918214531856,bangalore,blr_hebbal,three_wheeler,2024-10-16,554,True,verified,True,True,False,True,True,upi,86,0.9386,0.0114,0.0017,0.2072,4.38,0.0182,290.61,14.53,1115,9942.49,0.1327,False,False,False,,
895d6313-483c-4370-a52e-5df9d4fb920e,Rohan Gupta,+918234720301,bangalore,blr_electronic_city,two_wheeler,2025-05-03,355,True,verified,True,True,False,True,True,upi,64,0.9094,0.0406,0.0009,0.1743,3.88,0.0065,134.77,13.66,1310,9077.34,0.0854,False,False,False,,
f0fb9bcf-2568-4ad7-afb3-ccf4006c0f37,Raja Bansal,+916860990177,bangalore,blr_hebbal,two_wheeler,2021-06-02,1786,True,verified,True,True,False,True,True,upi,65,0.9492,0.0008,0.0013,0.1168,4.09,0.0383,112.36,9.84,3691,3254.95,0.2023,False,False,False,,
b492692e-3e36-4645-ab3c-c650e45ef94d,Ashok Rao,+917330716207,bangalore,blr_koramangala,two_wheeler,2024-11-15,524,False,verified,True,True,False,True,True,bank,66,0.904,0.046,0.0008,0.1945,4.24,0.0411,105.16,10.09,1161,4624.13,0.242,False,False,False,,
de9e5b9e-66ec-48cb-ba53-e6aee1080d19,Mohammed Murthy,+919699518226,bangalore,blr_rajajinagar,mini_truck,2021-01-19,1920,True,verified,True,True,False,True,True,upi,15,0.9303,0.0197,0.002,0.2004,4.44,0.0103,481.18,20.54,5517,28611.83,0.1498,False,False,False,,
07ceb6cf-47aa-4943-864c-75e3968f3a74,Sunil Naidu,+918663024676,bangalore,blr_rajajinagar,two_wheeler,2023-03-16,1134,True,verified,True,True,False,True,True,upi,83,0.9161,0.0339,0.0015,0.1806,3.58,0.0212,81.47,9.38,3370,7324.67,0.5559,False,False,False,,
be3ec8a3-d6e9-480a-bfe6-c7e7b34e7b16,Girish Siddiqui,+919446077829,bangalore,blr_koramangala,truck_14ft,2024-10-15,555,True,unverified,True,True,False,True,True,upi,72,0.9352,0.0148,0.0025,0.1578,4.46,0.0184,1597.83,53.29,732,22652.88,0.0309,False,False,False,,
5bea74ec-d12f-4948-a37a-ceda0680a23d,Sanjay Jain,+919902120993,bangalore,blr_koramangala,two_wheeler,2020-07-22,2101,True,verified,True,True,True,True,True,upi,48,0.8,0.15,0.0532,0.3946,1.93,0.3167,72.49,6.33,5450,6297.18,0.449,False,False,False,,
92bc7d75-272b-489b-bec2-38eaa8d10354,Manoj Verma,+917314038440,bangalore,blr_rajajinagar,mini_truck,2022-09-22,1309,True,verified,True,True,False,True,True,upi,41,0.9267,0.0233,0.0024,0.2215,4.27,0.0456,567.06,20.19,2839,21316.5,0.1822,False,False,False,,
05cc6f34-3191-4af5-a92d-d977273ca5d1,Raja Patel,+919906363322,bangalore,blr_indiranagar,three_wheeler,2023-12-10,865,True,verified,True,True,False,True,True,upi,106,0.9451,0.0049,0.0006,0.1841,4.44,0.0163,195.12,7.92,2500,10167.91,0.1004,False,False,False,,
9fd34d2d-be93-4a26-8c55-a6222f93c738,Mani Pillai,+917856871731,bangalore,blr_rajajinagar,mini_truck,2023-04-18,1101,True,verified,True,True,False,True,True,cash,73,0.9477,0.0023,0.0002,0.198,4.67,0.0674,377.11,10.44,1268,9925.05,0.1074,False,False,False,,
667f232a-603d-448b-a45d-23e8781f845c,Ashok Patel,+919779494126,bangalore,blr_koramangala,three_wheeler,2021-08-23,1704,True,verified,True,True,False,True,True,upi,43,0.9465,0.0035,0.0012,0.1964,4.46,0.065,279.61,12.03,3613,9039.72,0.0,False,False,False,,
5a7aafff-3ae2-429d-9c4c-d47e54d8b275,Rohan Mehta,+919428092163,bangalore,blr_koramangala,truck_14ft,2022-05-19,1435,True,verified,True,True,False,True,True,upi,80,0.9384,0.0116,0.0007,0.1904,4.01,0.0671,1117.18,16.81,5170,86030.68,0.0309,False,False,False,,
08aff75a-e4e6-4aad-b1f9-e6f1a7f6454a,Salman Chatterjee,+919340217478,bangalore,blr_bannerghatta,two_wheeler,2020-11-22,1978,True,unverified,True,True,False,True,True,upi,107,0.934,0.016,0.0043,0.1854,3.91,0.022,125.85,12.37,3033,4153.13,0.1637,False,False,False,,
a7cca329-1436-4174-a786-5253234af825,Shivakumar Iyer,+916973302571,bangalore,blr_whitefield,truck_14ft,2023-01-07,1202,True,verified,True,True,True,True,True,upi,67,0.9,0.05,0.043,0.2277,4.3,0.2187,810.17,13.87,3624,63210.38,0.1338,False,False,False,,
81bc0cf8-805b-44e6-9e60-f9485a882f07,Harish Shah,+916609871302,bangalore,blr_marathahalli,mini_truck,2022-02-08,1535,True,verified,True,True,False,True,True,upi,47,0.9231,0.0269,0.0002,0.1695,3.78,0.0408,766.27,20.94,5160,27389.81,0.2319,False,False,False,,
b36279ff-bbe9-4974-88fe-aa268812265b,Manoj Desai,+919464742512,bangalore,blr_bannerghatta,three_wheeler,2023-06-05,1053,True,pending,True,True,True,True,True,upi,45,0.942,0.008,0.0014,0.2722,4.47,0.0246,152.82,5.97,2942,8702.18,0.059,False,False,False,,
39af5ae6-9b45-4e58-b82a-050d358c3229,Sunil Mukherjee,+919892139451,bangalore,blr_yeshwanthpur,mini_truck,2025-12-16,128,True,verified,True,True,False,True,True,upi,57,0.9204,0.0296,0.0005,0.1312,4.83,0.0517,535.21,16.73,310,20551.54,0.0918,False,False,False,,
08c3b842-c237-46cb-a203-d08109cedc32,Mohan Murthy,+916254953996,bangalore,blr_indiranagar,mini_truck,2024-04-10,743,True,verified,True,True,False,True,True,upi,56,0.9258,0.0242,0.0007,0.171,4.14,0.0713,533.5,17.36,933,10568.36,0.1065,False,False,False,,
ec5ca424-86fe-4a29-ae0e-08482346ebf4,Arjun Rao,+917503306567,bangalore,blr_whitefield,mini_truck,2021-02-21,1887,True,verified,True,True,True,True,True,bank,58,0.9382,0.0118,0.0031,0.1598,4.25,0.0728,531.33,19.28,7081,28889.49,0.1303,False,True,False,,
5d4b0532-0427-4bdf-83ce-32245d8dc611,Babu Kumar,+919799869343,bangalore,blr_bannerghatta,two_wheeler,2022-09-15,1316,True,verified,True,True,False,True,True,upi,85,0.8979,0.0521,0.01,0.3193,3.98,0.0735,64.94,7.5,4000,6263.05,0.2382,False,False,False,,
afcfb6ac-90c3-4ec4-a15e-07cbae625727,Karthi Desai,+919939051501,bangalore,blr_koramangala,mini_truck,2021-01-23,1916,True,unverified,True,True,True,True,True,cash,55,0.9329,0.0171,0.003,0.1344,3.87,0.0309,200.0,2.0,7546,42622.89,0.0588,False,False,False,,
87366e51-c86e-4cb1-bf32-f322b8257fd1,Thirumalai Siddiqui,+916814635013,bangalore,blr_marathahalli,three_wheeler,2024-05-30,693,True,verified,True,True,False,True,True,upi,78,0.9324,0.0176,0.0015,0.2839,3.71,0.0394,270.73,11.6,1981,14351.62,0.263,False,False,False,,
1f64d66b-4b2e-4dd3-bd22-baa9c52e88eb,Mahesh Bhat,+919785772585,bangalore,blr_whitefield,two_wheeler,2026-02-17,65,True,verified,True,True,False,True,True,upi,90,0.9291,0.0209,0.0002,0.2226,4.51,0.0127,102.67,7.38,184,6589.66,0.4616,False,False,False,,
091ac4de-1638-4652-8dac-c160a3973dcc,Arjun Naidu,+918104694688,bangalore,blr_hebbal,three_wheeler,2024-01-10,834,True,verified,True,True,False,True,True,upi,86,0.934,0.016,0.0004,0.2522,4.74,0.0322,176.11,4.61,2796,13003.88,0.1252,False,False,False,,
43857fb2-31cf-49d7-bda4-18e774acfbff,Babu Babu,+917931309635,bangalore,blr_hebbal,two_wheeler,2025-06-02,325,True,verified,True,True,False,True,True,bank,66,0.915,0.035,0.0022,0.1911,3.81,0.0581,99.5,8.34,1108,7767.95,0.2441,False,False,False,,
8fa9e311-b321-49a3-b7c9-8ed74f8bfebf,Manish Patil,+916234749844,bangalore,blr_koramangala,two_wheeler,2023-05-22,1067,True,verified,True,True,False,True,True,upi,63,0.9064,0.0436,0.0001,0.1827,4.21,0.0068,77.15,6.88,3458,5212.32,0.2502,False,False,False,,
5867e5b1-dd0c-4fdc-8b05-bd737d19702a,Murugan Babu,+918423293216,bangalore,blr_hsr,two_wheeler,2023-11-14,891,True,verified,True,True,False,True,True,upi,66,0.9302,0.0198,0.0007,0.1976,4.91,0.0568,147.43,11.32,1678,3905.73,0.2548,False,False,False,,
831b4642-1fde-4b59-b5e7-e83944dcaab1,Girish Shah,+916453281505,bangalore,blr_koramangala,two_wheeler,2024-04-03,750,True,verified,True,True,False,True,True,upi,50,0.9126,0.0374,0.0014,0.1817,4.01,0.0144,44.47,1.48,793,2342.3,0.3337,False,False,False,,
e490bb44-48c2-4619-a0dd-530823429e4c,Rohan Naidu,+919836950477,bangalore,blr_indiranagar,truck_14ft,2025-11-21,153,True,verified,True,True,False,True,True,upi,95,0.9442,0.0058,0.0025,0.1881,4.21,0.0525,1288.54,16.56,218,25487.49,0.2094,False,False,False,,
432ac254-3538-4fa3-960b-4184300b894f,Imran Nayak,+916445771008,bangalore,blr_bannerghatta,two_wheeler,2024-10-13,557,True,unverified,False,True,False,False,True,upi,56,0.9418,0.0082,0.0032,0.2366,4.1,0.0322,149.47,11.08,1132,3269.91,0.2334,False,False,True,,
ea4972f0-3aea-4094-b2fc-0dc066939ebe,Vinod Agarwal,+918265811840,bangalore,blr_indiranagar,truck_14ft,2024-05-18,705,True,verified,True,True,False,True,True,upi,86,0.9489,0.0011,0.0027,0.2127,3.52,0.0308,1751.39,33.13,2398,64119.02,0.1575,False,False,False,,
dbb8c548-5839-4040-ba44-41e4c0abdb16,Thirumalai Ghosh,+918132454499,bangalore,blr_marathahalli,mini_truck,2024-11-17,522,True,verified,True,True,False,True,True,upi,46,0.9366,0.0134,0.0016,0.2146,4.65,0.0397,577.38,16.06,1053,15331.33,0.1286,False,False,False,,
222a83c7-5a37-409f-aecf-0a45f8755a96,Karthi Das,+917699914685,bangalore,blr_bannerghatta,two_wheeler,2021-04-29,1820,True,verified,True,True,False,True,True,bank,68,0.9486,0.0014,0.0036,0.1442,4.4,0.0094,75.65,7.12,5700,8556.36,0.1277,False,False,False,,
c0cacf0e-e6c7-451b-8bdb-5955a4bf544e,Rajan Hegde,+917258785464,bangalore,blr_electronic_city,three_wheeler,2020-06-08,2145,True,verified,True,True,False,True,True,upi,100,0.9317,0.0183,0.0017,0.1613,4.09,0.0595,238.81,12.02,5588,10149.7,0.0779,False,False,False,,
3f018475-6952-4883-a187-0c3f14703399,Venkatesh Murthy,+919548618651,bangalore,blr_whitefield,mini_truck,2021-12-04,1601,True,expired,True,True,True,False,True,upi,87,0.6898,0.2602,0.01,0.3966,4.35,0.1588,573.93,21.71,3552,21250.89,0.0625,False,False,True,,
310eb7a4-6201-4be0-9dbb-609ad5625183,Rohan Shukla,+919566790162,bangalore,blr_hsr,truck_17ft,2025-08-24,242,True,verified,True,True,False,True,True,upi,69,0.94,0.01,0.0023,0.1187,4.36,0.0444,1933.5,23.06,380,32253.94,0.0793,False,False,False,,
81d27209-bfcb-4496-aaca-f4fb1d6b65c8,Kiran Hegde,+916447986660,bangalore,blr_yeshwanthpur,truck_14ft,2025-02-11,436,True,pending,False,True,False,False,True,bank,99,0.9369,0.0131,0.0017,0.2625,4.44,0.0128,1578.94,44.51,911,48288.47,0.0062,False,True,True,,
8c38d724-9b28-4bae-8654-fb5a97dff08d,Babu Kumar,+916593082860,bangalore,blr_jayanagar,mini_truck,2023-04-01,1118,True,verified,True,True,False,True,True,upi,89,0.9197,0.0303,0.0021,0.1704,4.52,0.0071,641.0,25.1,2023,19564.21,0.0287,False,False,False,,
01a0e70c-2b9b-42c1-bd4a-3e42a9ed3881,Naresh Patel,+916227348744,bangalore,blr_rajajinagar,three_wheeler,2025-02-20,427,True,verified,True,True,False,True,True,bank,61,0.9203,0.0297,0.0028,0.2131,4.57,0.0341,172.7,9.39,1371,10641.54,0.0836,False,False,False,,
1980aca8-789b-4a26-a09a-9c46255d3c32,Vivek Pillai,+917151437711,bangalore,blr_bannerghatta,two_wheeler,2022-11-04,1266,False,verified,True,True,False,True,True,cash,67,0.7301,0.2199,0.0306,0.4663,4.0,0.05,56.2,3.5,3533,6164.03,0.3443,False,False,False,,
1c94790e-42cf-47e1-a302-eca9671a85e9,Harish Naidu,+916484319333,bangalore,blr_rajajinagar,two_wheeler,2021-05-11,1808,True,pending,False,True,False,True,True,upi,100,0.9072,0.0428,0.0018,0.0589,4.0,0.0316,106.87,8.03,2145,1999.53,0.2551,False,False,False,,
09876939-42ad-4ff6-a445-b1f4dbc9d095,Dinesh Kumar,+919769559895,bangalore,blr_marathahalli,truck_17ft,2026-03-13,41,True,verified,True,True,False,True,True,upi,94,0.9467,0.0033,0.0028,0.1461,4.13,0.0247,1770.81,24.72,78,55067.59,0.3025,False,False,False,,
b38f852a-fff9-4f21-a727-b911c48790f2,Harish Hegde,+919428027553,bangalore,blr_hsr,three_wheeler,2025-10-15,190,True,verified,True,True,False,True,True,bank,61,0.9469,0.0031,0.0011,0.1403,3.91,0.0215,283.96,19.93,456,11109.54,0.1639,False,False,False,,
bc9b614b-1108-43c0-b0a4-fa3a743e6f22,Umesh Sharma,+917382158645,bangalore,blr_rajajinagar,truck_14ft,2025-10-15,190,True,verified,True,True,False,True,True,upi,59,0.9116,0.0384,0.0056,0.1402,4.22,0.0295,888.48,23.75,236,19392.74,0.1538,False,False,False,,
25ae200a-949f-42b4-981f-c01f98b9f7ac,Satish Naidu,+919678192928,bangalore,blr_indiranagar,two_wheeler,2023-11-22,883,True,verified,True,True,False,True,True,cash,12,0.9453,0.0047,0.0012,0.2249,4.44,0.0341,80.69,7.75,2488,4449.02,0.2735,False,False,False,,
ba2e050f-bd91-465f-bd15-26bbc95c5114,Umesh Sharma,+919103803333,bangalore,blr_electronic_city,mini_truck,2021-06-15,1773,True,verified,True,True,True,True,True,bank,73,0.9373,0.0127,0.0025,0.0832,4.41,0.0742,526.68,17.73,4176,16135.57,0.1235,False,False,False,,
3481216c-ebfe-4d39-9d90-f238572e8c69,Mani Yadav,+916727472413,bangalore,blr_hsr,truck_17ft,2020-11-14,1986,True,expired,True,True,True,True,True,upi,55,0.8965,0.0535,0.0577,0.3435,4.2,0.05,1887.56,27.98,3975,52515.51,0.0728,False,False,False,,
cce21b62-caca-4f9a-85f4-a9317414abe6,Salman Mishra,+917905598452,bangalore,blr_marathahalli,two_wheeler,2021-09-23,1673,True,verified,True,True,False,True,True,bank,42,0.9474,0.0026,0.0001,0.0038,4.17,0.0244,117.98,15.0,5907,8073.46,0.0795,False,False,False,,
a4f4e869-729d-4d47-a0ee-d3d85480e365,Satish Agarwal,+916259849412,bangalore,blr_koramangala,truck_14ft,2025-02-23,424,True,verified,True,True,False,True,True,upi,61,0.9,0.05,0.0051,0.1893,4.08,0.0409,1287.13,28.74,1500,100744.03,0.0717,False,False,False,,
62d64307-d279-4986-a255-831344690c87,Ritesh Bansal,+918988166712,bangalore,blr_btm,two_wheeler,2023-12-04,871,True,verified,True,True,False,True,True,upi,45,0.9359,0.0141,0.0038,0.1629,4.63,0.0505,60.65,3.28,938,2916.15,0.2478,False,False,False,,
55f552c1-7bc8-4ab0-bf63-d4b2b19c6370,Arjun Dubey,+918509748910,bangalore,blr_koramangala,two_wheeler,2025-02-18,429,False,verified,True,True,False,True,True,upi,55,0.9451,0.0049,0.0013,0.1823,4.26,0.045,63.07,4.43,1324,7111.02,0.2214,False,False,False,,
f63c9a05-e620-4f7f-b80c-e3b0e12e8184,Ajay Hegde,+919365867948,bangalore,blr_btm,mini_truck,2023-05-15,1074,True,expired,False,True,False,True,True,bank,55,0.9331,0.0169,0.0002,0.1197,4.35,0.0322,468.49,16.05,2159,20449.72,0.0809,False,False,False,,
e404db1d-6735-43a2-8b40-1cfd8d75103b,Ibrahim Singh,+918457977118,bangalore,blr_hebbal,mini_truck,2022-08-23,1339,True,verified,True,True,True,True,True,bank,67,0.9498,0.0002,0.0012,0.1698,4.22,0.0337,765.43,29.87,4278,28261.21,0.1054,False,False,False,,
c11b0363-eb77-40e3-8a48-e98f0bca731a,Dinesh Babu,+917845491857,bangalore,blr_electronic_city,truck_14ft,2023-08-01,996,True,verified,True,True,False,True,True,upi,39,0.9275,0.0225,0.0,0.2277,4.14,0.0889,1488.2,53.26,1663,33985.38,0.0241,False,False,False,,
ae623df0-09bf-423a-b013-b5ab0fe42a7f,Raja Naidu,+918383940214,bangalore,blr_hsr,three_wheeler,2026-03-07,47,True,verified,True,True,False,True,True,bank,85,0.9334,0.0166,0.0013,0.1328,4.01,0.0345,143.35,7.13,102,10514.97,0.295,False,False,False,,
4a249be8-b6ca-4384-88db-83ee2b4e14d1,Prakash Dubey,+918969210540,bangalore,blr_btm,truck_17ft,2024-09-06,594,True,verified,True,True,False,True,True,cash,42,0.9424,0.0076,0.0022,0.1612,4.79,0.0429,3122.97,77.09,816,33173.01,0.1327,False,False,False,,
0f8eebf7-b02a-440d-97ad-e35312996062,Selvam Hegde,+916482281405,bangalore,blr_whitefield,two_wheeler,2022-12-01,1239,True,verified,True,True,False,True,True,upi,85,0.9339,0.0161,0.004,0.1169,4.52,0.0315,111.2,7.13,4159,6323.54,0.2122,False,False,False,,
d2481f5c-e648-49da-9824-f3145deca59a,Manoj Nair,+917646460211,bangalore,blr_jayanagar,truck_14ft,2023-07-30,998,True,expired,True,True,True,True,True,upi,76,0.9316,0.0184,0.0061,0.1675,4.58,0.0291,727.62,10.41,883,16202.91,0.0941,True,False,False,,
9dce6cc5-584e-48da-ac4f-4410508cb494,Babu Menon,+919152842409,bangalore,blr_yeshwanthpur,two_wheeler,2025-03-18,401,True,verified,True,True,False,True,True,upi,97,0.9436,0.0064,0.0027,0.1432,4.26,0.022,76.43,8.02,919,3509.66,0.2818,False,False,False,,
2a9dda5e-6fb2-4812-aafb-e00e7ad30286,Arjun Desai,+918823398293,bangalore,blr_hsr,two_wheeler,2024-03-29,755,True,verified,True,True,True,True,True,upi,70,0.9469,0.0031,0.0003,0.1768,4.32,0.0588,81.57,6.57,2850,7932.91,0.1646,False,False,False,,
9b11830f-32c4-450f-9bef-e087b23d1916,Abdul Pandey,+919477984189,bangalore,blr_jayanagar,three_wheeler,2022-04-30,1454,True,pending,True,True,True,True,True,upi,15,0.9208,0.0292,0.0011,0.1502,4.36,0.0355,259.14,11.63,5810,18594.82,0.1084,False,False,False,,
495fb756-8dc3-48e0-94f2-5d1510ee3442,Harish Bansal,+918364227497,bangalore,blr_indiranagar,truck_14ft,2024-01-27,817,True,verified,True,True,True,True,True,bank,85,0.8874,0.0626,0.01,0.4347,4.45,0.1906,1364.67,60.0,1739,45451.68,0.162,False,False,False,,
2f838574-327f-4c32-b43f-285940a3863b,Lokesh Shaikh,+919409083361,bangalore,blr_electronic_city,mini_truck,2025-03-09,410,True,pending,True,False,False,True,True,upi,65,0.9436,0.0064,0.0005,0.1813,4.64,0.0144,692.93,24.31,1366,29780.0,0.0706,False,True,True,,
a4b73754-870c-42d3-ad37-738b575e4705,Santosh Desai,+919516489507,bangalore,blr_koramangala,two_wheeler,2025-04-03,385,True,verified,True,True,False,True,True,bank,72,0.9248,0.0252,0.0012,0.1682,4.49,0.0597,115.41,12.7,331,2108.51,0.1621,False,False,False,,
f9b19472-28a5-4a93-86b2-e0a8e8a93e73,Anil Mishra,+917317617111,bangalore,blr_btm,three_wheeler,2022-06-22,1401,True,expired,True,True,True,True,True,upi,46,0.9162,0.0338,0.0027,0.1798,4.43,0.0211,266.78,18.61,5449,21287.02,0.1516,False,False,False,,
af869a02-cb47-4ae6-80b4-bcc8b6d1c2fd,Salman Iyer,+917964958040,bangalore,blr_hsr,two_wheeler,2022-07-11,1382,True,verified,True,True,False,True,True,bank,74,0.9406,0.0094,0.0016,0.0812,4.26,0.0342,103.49,8.82,4563,8088.05,0.1368,False,False,False,,
16b96c38-105f-4f72-b41f-06976872e841,Salman Kumar,+916252897663,bangalore,blr_btm,two_wheeler,2024-06-15,677,True,verified,True,True,False,True,True,bank,49,0.9487,0.0013,0.0026,0.1864,4.47,0.0458,65.49,6.46,1234,4114.97,0.4032,False,False,False,,
a5ef681f-8815-4aa2-a1c7-87388ed1411c,Imran Gupta,+917831535553,bangalore,blr_rajajinagar,two_wheeler,2021-09-29,1667,True,verified,True,True,False,True,True,upi,78,0.9417,0.0083,0.0023,0.1424,4.52,0.0964,77.96,6.9,4919,7111.52,0.1673,False,False,False,,
7b4ab411-6a1b-40d3-97d9-4bb6b9e0aceb,Umesh Patel,+918203981504,bangalore,blr_marathahalli,mini_truck,2020-11-02,1998,True,expired,True,True,False,False,True,bank,59,0.9343,0.0157,0.001,0.2911,4.37,0.0156,563.89,26.04,3797,15717.44,0.0687,True,False,True,,
0b7d9325-670b-4bf1-a7b1-6c04ada2e95a,Basavaraj Shaikh,+916355334695,bangalore,blr_indiranagar,truck_14ft,2022-10-12,1289,True,verified,True,True,False,True,True,upi,76,0.9363,0.0137,0.0021,0.1423,4.37,0.0614,1560.15,24.92,5165,99732.75,0.1285,False,False,False,,
bc045910-b003-48cf-9965-fa245d5e3ec3,Vijay Patel,+916101924266,bangalore,blr_hebbal,two_wheeler,2022-01-26,1548,True,verified,True,True,False,True,True,cash,95,0.9359,0.0141,0.0011,0.1085,3.99,0.0807,79.34,6.42,5161,8417.31,0.0,False,False,False,,
e4227808-eac0-470e-aabb-3599905ee86f,Praveen Siddiqui,+916656255904,bangalore,blr_hsr,three_wheeler,2023-02-03,1175,True,unverified,True,True,False,True,True,bank,71,0.9096,0.0404,0.0007,0.1438,4.29,0.0077,297.9,15.16,3684,13836.47,0.1687,False,False,False,,
57028d8f-1055-47d4-a341-b4c1954a49f1,Rohan Pandey,+918646921530,bangalore,blr_bannerghatta,two_wheeler,2024-01-06,838,True,verified,True,True,False,True,True,upi,54,0.9167,0.0333,0.0,0.0887,4.53,0.053,76.32,5.53,2701,5956.61,0.2378,False,False,False,,
2a46c414-455d-4f4f-9795-b5d61bd8a23d,Manoj Ghosh,+919615617273,bangalore,blr_koramangala,truck_17ft,2020-12-19,1951,True,verified,True,True,True,True,True,upi,38,0.9203,0.0297,0.0065,0.1851,4.68,0.0493,2019.62,62.96,3699,55056.48,0.0905,False,False,False,,
2728c376-371b-4e8f-9dee-cace5dfa2fc1,Harish Mehta,+917153978064,bangalore,blr_btm,mini_truck,2021-04-18,1831,True,verified,True,True,False,True,True,bank,48,0.9498,0.0002,0.0018,0.1883,5.0,0.05,297.24,2.0,6814,32347.13,0.0224,False,False,False,,
415a5f35-1829-4dcb-b49d-41d0418e1bde,Rohan Ghosh,+918301565665,bangalore,blr_whitefield,three_wheeler,2022-03-24,1491,True,verified,True,True,True,True,True,upi,32,0.9355,0.0145,0.0006,0.1495,4.03,0.0222,173.79,11.5,3272,9981.91,0.0461,False,False,False,,
88786705-6be1-4a1e-8759-8b48093fcec3,Manoj Agarwal,+919308205092,bangalore,blr_hebbal,mini_truck,2022-06-05,1418,True,verified,True,True,False,True,True,bank,80,0.9401,0.0099,0.007,0.2545,4.46,0.045,357.75,8.96,3680,21979.06,0.1416,False,False,False,,
ee12f6b1-6848-496a-9361-efb724a52810,Praveen Shetty,+919159876848,bangalore,blr_btm,three_wheeler,2025-08-21,245,True,verified,True,True,False,True,True,bank,61,0.9285,0.0215,0.003,0.1312,4.08,0.0245,144.56,6.3,570,9772.45,0.0966,False,False,False,,
cfe28762-5e51-49e7-ab03-6f14611daee1,Raja Garg,+919995879075,bangalore,blr_whitefield,two_wheeler,2022-06-05,1418,True,verified,True,True,True,True,True,upi,82,0.9027,0.0473,0.0044,0.1795,4.18,0.111,107.94,11.05,3482,4752.39,0.3018,False,False,False,,
2cc5a796-b70d-457c-91f2-aab31d126c72,Rohan Swamy,+916305538952,bangalore,blr_btm,two_wheeler,2024-02-15,798,True,unverified,True,True,False,True,True,upi,99,0.9494,0.0006,0.0014,0.1623,4.43,0.0579,107.96,8.28,2641,7742.73,0.2598,False,False,False,,
61b5d43f-693e-4d24-aac1-3c3de9fbcc43,Vinod Bhat,+919860138245,bangalore,blr_hsr,two_wheeler,2024-12-27,482,True,verified,True,True,False,True,True,cash,42,0.9463,0.0037,0.0016,0.288,4.54,0.0134,101.72,9.5,1409,6975.91,0.2816,False,False,False,,
42c24579-53bc-4b6e-9dab-f512cd501f14,Shivakumar Hegde,+916729114314,bangalore,blr_bannerghatta,mini_truck,2024-01-25,819,True,unverified,False,True,False,True,True,upi,48,0.9211,0.0289,0.0012,0.2243,4.6,0.022,372.44,10.36,2481,29445.35,0.0701,False,False,False,,
7673862e-b5e1-49da-b7b2-0c89a73f94d3,Rajan Siddiqui,+919277060076,bangalore,blr_rajajinagar,truck_14ft,2023-06-16,1042,True,pending,False,True,False,True,True,upi,66,0.9265,0.0235,0.0007,0.2505,4.19,0.0123,1728.7,43.73,2127,34893.75,0.0959,False,False,False,,
1a6bed9c-8bf9-44b9-bbc4-6e7b0b557355,Nilesh Nair,+918228431927,bangalore,blr_hebbal,truck_17ft,2021-11-17,1618,True,verified,True,True,True,True,True,bank,74,0.9397,0.0103,0.0003,0.175,4.61,0.1027,1955.31,22.04,4101,68031.67,0.0992,False,False,False,,
1d4a54c4-7966-4e2e-ab0e-d9a543b583d1,Venkatesh Hegde,+919799870363,bangalore,blr_btm,three_wheeler,2021-12-07,1598,True,verified,True,True,False,True,True,bank,82,0.9454,0.0046,0.0016,0.1887,4.54,0.0521,193.31,8.4,4478,11949.26,0.0215,False,False,False,,
37b66b20-3e8a-4fe9-b3cd-f891702f81e9,Ravi Joshi,+918752351121,bangalore,blr_koramangala,two_wheeler,2025-03-22,397,True,verified,True,True,False,True,True,bank,50,0.9216,0.0284,0.0059,0.2769,4.48,0.0132,73.8,5.32,1189,7890.15,0.25,False,False,False,,
b9320656-2066-42b5-9099-3106437fc4ec,Abdul Patil,+917847946178,bangalore,blr_bannerghatta,mini_truck,2024-05-25,698,True,verified,True,True,False,True,True,bank,66,0.9477,0.0023,0.0016,0.2187,4.59,0.0299,482.19,12.41,1884,25436.3,0.1229,False,False,False,,
80510179-ed53-4e62-9b5f-b3194d1abcab,Selvam Gowda,+917547758910,bangalore,blr_indiranagar,two_wheeler,2024-11-24,515,True,verified,True,True,False,True,True,upi,94,0.909,0.041,0.0049,0.1964,4.26,0.009,124.59,12.85,1461,6435.16,0.2407,False,False,False,,
5084fcc6-2649-40d4-af3c-d4120359fa55,Selvam Ghosh,+919564844354,bangalore,blr_hebbal,three_wheeler,2024-09-27,573,True,verified,True,True,False,True,True,upi,47,0.9295,0.0205,0.0014,0.207,4.06,0.005,273.15,15.59,2051,15902.95,0.1229,False,False,False,,
31479ade-c5fe-48a5-a802-ca60d50cfad7,Ganesh Naidu,+919897037317,bangalore,blr_hebbal,three_wheeler,2025-11-01,173,True,verified,True,True,False,True,True,upi,86,0.9042,0.0458,0.0002,0.11,4.27,0.0646,121.86,5.93,300,7920.44,0.2895,False,False,False,,
95e5f34a-0f76-4398-9822-c5bff180aef8,Satish Joshi,+918694677419,bangalore,blr_electronic_city,three_wheeler,2022-10-04,1297,True,verified,True,True,True,True,True,upi,73,0.932,0.018,0.0007,0.1876,3.86,0.0186,269.19,13.44,2665,10566.01,0.1339,False,False,False,,
895ef2dc-39da-433c-8ee3-ce10bedd9878,Arjun Nair,+919477951793,bangalore,blr_jayanagar,two_wheeler,2025-01-04,474,True,verified,True,True,False,True,True,bank,66,0.9394,0.0106,0.0013,0.1747,4.56,0.0559,54.56,1.93,1062,5420.74,0.1877,False,False,False,,
1703bdcc-c89b-411a-98e0-c9ef1c9dbb4b,Mahesh Nayak,+916667229121,bangalore,blr_hsr,two_wheeler,2024-08-29,602,True,verified,True,True,False,True,True,upi,100,0.9472,0.0028,0.0018,0.3488,4.3,0.0094,119.94,8.87,1096,4159.84,0.3191,False,False,False,,
da799123-9045-4d32-ae99-af2cea5e48f8,Deepak Siddiqui,+917430608211,bangalore,blr_rajajinagar,two_wheeler,2022-05-28,1426,True,verified,True,True,True,True,True,bank,57,0.8992,0.0508,0.0029,0.1483,4.31,0.0087,65.36,6.36,4369,6586.84,0.255,False,False,False,,
00e3b0b9-26b2-4562-aa63-6edb3d1b64a8,Babu Gupta,+918908994150,bangalore,blr_indiranagar,mini_truck,2025-12-28,116,True,verified,True,True,False,True,True,bank,58,0.9392,0.0108,0.0037,0.1785,4.6,0.039,311.08,9.29,382,31538.39,0.0,False,False,False,,
76b16f98-e5e7-4ef2-b3d9-d6fd8c9aa2cd,Babu Mukherjee,+916564427526,bangalore,blr_marathahalli,truck_14ft,2025-03-30,389,True,verified,True,True,False,True,True,bank,12,0.9463,0.0037,0.003,0.1565,4.36,0.0434,1825.07,30.16,1531,64438.59,0.0268,False,False,False,,
7bdb4d1c-d974-4ab9-885d-31bfd8e2f31c,Karthi Mishra,+919588736231,bangalore,blr_whitefield,truck_14ft,2025-02-16,431,True,unverified,False,True,False,True,True,upi,78,0.9468,0.0032,0.0051,0.2099,4.33,0.0367,1894.75,44.88,1197,58236.48,0.1748,False,False,False,,
13628fa1-4d89-4bcd-a914-e2614fd68545,Shivakumar Babu,+919577610083,bangalore,blr_yeshwanthpur,mini_truck,2025-06-21,306,True,verified,True,True,False,True,True,bank,50,0.7663,0.1837,0.0136,0.3872,3.83,0.2327,632.57,23.89,628,15483.22,0.0763,False,False,False,,
3a01c442-fccb-47f4-9687-407a9291f7ea,Ashok Joshi,+916410667014,bangalore,blr_hebbal,truck_14ft,2023-02-28,1150,True,verified,True,True,False,True,True,upi,59,0.9465,0.0035,0.0025,0.2181,4.46,0.0259,1031.44,25.31,2024,31149.59,0.0883,False,False,False,,
18c03168-df98-4315-ab48-67a8c367902b,Babu Tiwari,+917146685849,bangalore,blr_hebbal,mini_truck,2020-08-22,2070,True,pending,True,True,True,True,False,bank,95,0.9154,0.0346,0.0002,0.2152,3.96,0.0412,616.75,30.0,6368,14389.02,0.0065,False,False,False,,
2205b30f-2a33-4ab6-bff6-e53f3281f7eb,Anil Menon,+918263616648,bangalore,blr_rajajinagar,truck_17ft,2025-10-15,190,True,pending,False,True,False,True,True,bank,71,0.9298,0.0202,0.0001,0.1876,4.97,0.0403,1746.9,30.07,609,77040.97,0.1354,False,False,False,,
ae8d90fa-4ae4-4c2f-9a26-13268a5c6e95,Thirumalai Kumar,+916895302464,bangalore,blr_whitefield,mini_truck,2024-12-14,495,True,verified,True,True,False,True,True,cash,74,0.9329,0.0171,0.0024,0.1267,4.83,0.0581,597.69,18.8,927,12020.9,0.0126,True,False,False,,
20850e44-f3d6-4d45-83be-09b549ec033d,Girish Shah,+916188156337,bangalore,blr_bannerghatta,mini_truck,2020-11-29,1971,True,verified,True,True,True,True,True,upi,17,0.9364,0.0136,0.0011,0.1454,4.78,0.0332,369.57,14.7,7491,38836.78,0.0881,False,False,False,,
a385b9f1-e3d0-487d-9223-3440469f5d80,Kishan Das,+916155579542,bangalore,blr_marathahalli,truck_17ft,2020-05-30,2154,True,verified,True,True,False,True,True,upi,84,0.9498,0.0002,0.0033,0.1259,4.85,0.0878,2443.01,75.67,6184,84773.49,0.1821,False,False,False,,
fcac5b7b-fe47-420a-9b9c-a5a708fdd54b,Salman Agarwal,+918890573198,bangalore,blr_whitefield,three_wheeler,2021-06-01,1787,True,verified,True,True,False,True,True,bank,71,0.9453,0.0047,0.0008,0.1711,4.31,0.0199,206.95,6.71,5691,12459.76,0.0732,False,False,False,,
3fdf22e7-d669-4c76-a342-a201e2962733,Anil Rao,+919247195624,bangalore,blr_btm,three_wheeler,2022-03-24,1491,True,verified,True,True,False,True,True,bank,74,0.9364,0.0136,0.0006,0.1798,4.37,0.0977,324.22,15.95,5844,16796.35,0.0273,False,False,False,,
2290e2a2-abaf-41a6-9f24-87c25351e442,Senthil Kulkarni,+918873819748,bangalore,blr_bannerghatta,two_wheeler,2023-12-03,872,False,verified,True,True,False,True,True,cash,46,0.9278,0.0222,0.0003,0.1899,4.4,0.0547,123.72,8.98,1728,3952.29,0.2271,False,False,False,,
c39dd147-3f66-4028-9366-76dd01e9daa3,Rohan Patel,+916516273805,bangalore,blr_rajajinagar,two_wheeler,2022-05-23,1431,True,verified,True,True,True,True,True,bank,57,0.9373,0.0127,0.0013,0.2225,4.68,0.0751,109.09,8.9,1958,2850.11,0.205,False,False,False,,
bddc5dfb-a382-46a4-b1e7-7934b68a907f,Mukesh Naidu,+919326530549,bangalore,blr_hsr,two_wheeler,2024-12-05,504,True,verified,True,True,False,True,True,upi,55,0.9395,0.0105,0.0016,0.202,4.19,0.0175,56.25,3.17,693,2868.71,0.3037,False,False,False,,
7b19ff98-215f-4f67-a7bf-d127fe7bf6eb,Sanjay Das,+918791886843,bangalore,blr_rajajinagar,three_wheeler,2025-07-02,295,True,verified,True,True,False,True,True,bank,56,0.942,0.008,0.0003,0.1634,4.63,0.0151,232.03,11.0,1072,14850.23,0.0564,False,False,False,,
c80be713-2e86-474e-982d-23697a157233,Rohan Verma,+919330334145,bangalore,blr_btm,mini_truck,2022-12-12,1228,True,unverified,True,True,True,True,True,upi,91,0.9341,0.0159,0.0018,0.1177,4.32,0.0333,576.03,18.1,5216,33369.65,0.0233,False,False,False,,
b9148e9c-0d08-4b38-b937-85e90ac153b1,Raja Mukherjee,+918352023769,bangalore,blr_btm,three_wheeler,2024-04-29,724,False,verified,True,True,False,True,True,upi,65,0.9305,0.0195,0.0001,0.1603,4.21,0.0386,133.92,4.39,1639,8781.23,0.1341,False,False,False,,
c389e5da-e0a9-4f36-8f99-ac1ba5ff6f3e,Abdul Rao,+917987454041,bangalore,blr_yeshwanthpur,two_wheeler,2022-02-01,1542,True,verified,True,True,True,True,True,bank,62,0.9363,0.0137,0.0005,0.204,4.55,0.0102,128.05,10.36,3019,3992.9,0.3222,False,False,False,,
42b9e9f5-8003-4819-8bbb-13a2510b9167,Naveen Garg,+918412487754,bangalore,blr_koramangala,two_wheeler,2025-06-29,298,True,pending,True,True,False,True,True,cash,46,0.9484,0.0016,0.0005,0.1057,4.64,0.051,101.08,9.63,611,3828.09,0.2728,False,False,False,,
cb0bfd57-8b61-44e0-a9c8-9accb3dc6995,Rajan Ghosh,+919399977825,bangalore,blr_rajajinagar,two_wheeler,2025-11-29,145,True,pending,True,True,False,True,True,cash,77,0.9399,0.0101,0.0043,0.1821,4.24,0.003,69.07,4.92,203,3205.72,0.266,False,False,False,,
01895006-438a-4c30-9600-a1e2c987a766,Karthi Naidu,+917231916712,bangalore,blr_marathahalli,two_wheeler,2020-09-24,2037,True,verified,True,True,True,True,True,bank,57,0.9337,0.0163,0.0008,0.1003,4.23,0.0118,54.47,4.73,6856,7113.72,0.2188,False,False,False,,
da13fa90-0477-40d7-91e0-f624cd1e0560,Mohan Rao,+917405034159,bangalore,blr_yeshwanthpur,mini_truck,2021-04-25,1824,True,verified,True,True,False,True,True,upi,93,0.9187,0.0313,0.0135,0.185,4.44,0.02,450.4,15.2,5234,23396.1,0.0469,False,False,False,,
2ea1e512-ff44-4c55-a14c-7b90e309c8d4,Thirumalai Rao,+919463880903,bangalore,blr_rajajinagar,three_wheeler,2024-07-28,634,True,pending,False,True,False,True,True,upi,81,0.9481,0.0019,0.0033,0.0807,4.4,0.0233,225.78,10.16,1987,14172.07,0.0509,False,False,False,,
088d70c7-08b7-4154-9253-3f76cb1a1d30,Imran Pandey,+919882780446,bangalore,blr_yeshwanthpur,two_wheeler,2025-11-27,147,True,expired,True,True,False,True,True,upi,105,0.9151,0.0349,0.0036,0.1197,3.93,0.0027,84.35,7.07,427,6309.51,0.264,False,False,False,,
e24c40b1-17c4-4e66-84f9-61f242efeb1d,Suresh Mishra,+918659541412,bangalore,blr_bannerghatta,three_wheeler,2024-10-07,563,True,unverified,True,True,False,True,True,upi,108,0.9437,0.0063,0.0,0.1841,4.45,0.0271,230.18,14.4,1735,13551.8,0.0738,False,True,False,,
18d6db42-87c8-4a68-97b9-03c0c172273e,Suresh Ansari,+918390149145,bangalore,blr_bannerghatta,mini_truck,2022-07-03,1390,False,verified,True,True,False,True,True,upi,49,0.9246,0.0254,0.0016,0.1498,4.7,0.0298,468.95,10.19,5504,37390.84,0.1608,False,False,False,,
c4ad2d24-ea11-4acf-a606-ae02a48ebfb8,Vijay Joshi,+919965976032,bangalore,blr_electronic_city,mini_truck,2022-07-02,1391,True,pending,True,True,True,True,True,upi,51,0.9443,0.0057,0.0032,0.1902,4.33,0.0393,708.49,30.0,3704,23588.11,0.1004,False,False,False,,
ea188b97-7cac-430f-8bf9-be9ebb89cf68,Rajesh Chatterjee,+919269859235,bangalore,blr_hebbal,two_wheeler,2023-05-10,1079,True,verified,True,True,False,True,True,upi,48,0.7372,0.2128,0.0839,0.3847,2.56,0.3261,68.22,5.65,1484,2850.01,0.4789,False,False,False,,
b7a7df51-d76c-4074-b805-18e78f070f03,Rajan Shukla,+917781960376,bangalore,blr_jayanagar,two_wheeler,2024-05-09,714,True,verified,True,True,False,True,True,upi,57,0.9346,0.0154,0.0051,0.2376,3.99,0.0378,65.86,6.75,1886,6977.04,0.2437,False,False,False,,
c73c2a8a-63bc-4295-8118-1fa0113e38f4,Santosh Agarwal,+919984941174,bangalore,blr_bannerghatta,two_wheeler,2024-05-03,720,True,verified,True,True,False,True,True,upi,63,0.9413,0.0087,0.0101,0.1823,4.36,0.0526,119.65,15.0,1558,4883.74,0.3037,False,False,False,,
2f03d61a-de73-4985-ab50-733e69ef780d,Arjun Dubey,+919498852423,bangalore,blr_btm,two_wheeler,2025-09-23,212,True,verified,True,True,False,True,True,upi,84,0.945,0.005,0.0004,0.1486,4.13,0.0346,160.46,11.94,405,3773.89,0.2498,False,False,False,,
59af79b8-41ff-4720-9ace-8e9680444467,Vijay Joshi,+918506143296,bangalore,blr_indiranagar,two_wheeler,2022-02-05,1538,True,verified,True,True,True,True,True,cash,58,0.934,0.016,0.0003,0.1448,4.87,0.0041,66.75,4.55,685,931.34,0.182,False,False,False,,
6d5b0f03-503d-4e91-a00a-8b54b3586be3,Arjun Nayak,+918154384601,bangalore,blr_rajajinagar,two_wheeler,2023-01-16,1193,True,unverified,True,True,False,True,True,upi,93,0.9487,0.0013,0.0012,0.1312,4.57,0.0456,106.67,11.4,2461,3906.9,0.18,False,False,False,,
0021500e-89c5-4e9e-acf0-dbaa07defaee,Manish Mukherjee,+917632030193,bangalore,blr_whitefield,two_wheeler,2023-10-02,934,True,unverified,True,True,False,False,True,upi,87,0.9206,0.0294,0.0027,0.1333,4.12,0.0048,129.22,12.47,2106,5367.14,0.1959,False,False,True,,
4e5ef843-ff93-43b5-a421-aac6dd3fca63,Imran Shah,+919665628576,bangalore,blr_electronic_city,two_wheeler,2021-06-24,1764,True,verified,True,True,True,True,True,upi,96,0.873,0.077,0.0077,0.1544,4.24,0.0072,83.89,6.24,5597,7651.98,0.2848,False,False,False,,
3852f3b7-30b2-4b8f-9c1a-bc6cf7aca9fb,Dinesh Iyer,+917747358175,bangalore,blr_jayanagar,two_wheeler,2021-11-08,1627,True,verified,True,True,True,True,True,cash,73,0.5833,0.3667,0.0559,0.4485,2.75,0.2726,100.38,8.42,1863,2707.08,0.4946,False,False,False,,solo
2da6c985-5b40-488c-b836-84a976cd5388,Senthil Desai,+916587698435,bangalore,blr_marathahalli,two_wheeler,2025-11-30,144,True,verified,True,True,False,True,True,upi,64,0.8861,0.0639,0.0029,0.2422,4.95,0.0384,94.76,6.41,495,6760.47,0.2249,False,False,False,,
863abea5-df19-4575-a0be-0b14850cc505,Dinesh Tiwari,+918937348272,bangalore,blr_jayanagar,three_wheeler,2024-05-01,722,True,verified,True,True,False,True,True,upi,53,0.9307,0.0193,0.0006,0.1852,4.18,0.0307,232.64,11.99,1708,13435.28,0.0862,False,False,False,,
dc66ec63-6fc0-401e-aff1-e6b6bad3d40c,Mahesh Siddiqui,+919878014172,bangalore,blr_hebbal,three_wheeler,2021-04-01,1848,True,verified,True,True,False,True,True,bank,82,0.9356,0.0144,0.0019,0.1794,4.76,0.0276,225.38,12.66,5456,9625.25,0.0769,False,False,False,,
2759d603-1a4d-4a75-9a1f-cb5745bfd322,Thirumalai Tiwari,+917874234201,bangalore,blr_bannerghatta,three_wheeler,2022-03-13,1502,True,verified,True,True,False,True,True,upi,45,0.9344,0.0156,0.0032,0.1722,4.53,0.0025,201.72,11.21,3441,10013.19,0.0446,False,False,False,,
3537636f-e639-4d40-b89f-7e721ff47991,Vivek Chatterjee,+917949271533,bangalore,blr_electronic_city,mini_truck,2020-10-09,2022,True,verified,True,True,False,True,True,cash,78,0.9258,0.0242,0.0045,0.1459,4.64,0.0361,338.26,8.04,5644,16709.75,0.0439,False,False,False,,
f046e16b-572b-4188-9cbe-e94191950e5c,Kumar Reddy,+916850811665,bangalore,blr_btm,mini_truck,2022-11-16,1254,True,verified,True,True,True,True,True,upi,78,0.9228,0.0272,0.008,0.2473,3.69,0.0339,351.54,8.59,2954,20695.25,0.3075,False,False,False,,
861d8d0f-f7d4-4a02-b2fd-63fc71ecb431,Salman Chatterjee,+916658296811,bangalore,blr_koramangala,two_wheeler,2025-03-07,412,True,unverified,True,True,False,True,True,upi,100,0.9398,0.0102,0.0047,0.143,3.65,0.0151,85.99,8.66,1565,8027.81,0.2791,False,False,False,,
ba8d2d7a-517e-4e1c-b1a7-9e1c38e6f544,Krishan Kumar,+918263753073,bangalore,blr_btm,two_wheeler,2022-02-04,1539,True,pending,True,False,True,True,True,upi,47,0.9177,0.0323,0.0007,0.21,3.94,0.0182,98.9,9.58,4197,5385.64,0.2328,False,False,True,,
e1432f2d-5eaa-47f9-9bed-1bdbb29d1125,Venkatesh Garg,+919714996998,bangalore,blr_rajajinagar,mini_truck,2024-06-07,685,True,verified,True,True,False,True,True,cash,51,0.9314,0.0186,0.0042,0.1858,4.48,0.023,462.63,21.41,2285,27283.19,0.1089,False,False,False,,
f6615b8e-bbea-421d-a014-b4b5fcfef782,Pavan Pandey,+917514805191,bangalore,blr_yeshwanthpur,two_wheeler,2022-08-02,1360,True,verified,True,True,False,True,True,upi,52,0.9303,0.0197,0.0012,0.2088,4.06,0.0536,67.05,4.32,2806,3749.94,0.296,False,False,False,,
128ce4c8-ef50-4b72-9241-3e859e59127a,Naveen Mukherjee,+916807021028,bangalore,blr_jayanagar,three_wheeler,2026-03-02,52,True,verified,True,True,False,True,True,cash,65,0.9326,0.0174,0.003,0.1846,3.85,0.0195,270.32,16.71,122,8624.11,0.2087,False,False,False,,
968110c9-f685-4aab-b77a-7e24bb8e3990,Harish Bhat,+919207616735,bangalore,blr_rajajinagar,two_wheeler,2025-02-14,433,True,verified,True,True,False,True,True,bank,61,0.9326,0.0174,0.0031,0.1394,4.18,0.0815,119.21,10.83,1114,6256.18,0.3182,False,False,False,,
f5f7e312-e70e-4b6d-8728-bf9df247387d,Ravi Siddiqui,+917583991994,bangalore,blr_jayanagar,two_wheeler,2020-07-01,2122,True,pending,True,True,False,True,True,upi,66,0.9273,0.0227,0.0018,0.1337,4.4,0.0188,95.3,12.69,7465,6853.51,0.2206,False,False,False,,
b6377e9f-0bf2-42d9-8ffc-80534c5d419e,Arjun Babu,+917139767237,bangalore,blr_bannerghatta,truck_14ft,2024-12-04,505,True,verified,True,True,False,True,True,upi,62,0.7002,0.2498,0.1276,0.4441,3.65,0.248,2001.18,54.48,1946,60076.24,0.2803,False,False,False,,solo
e7ed7e29-9878-413e-9303-4fa803ec10b9,Rohan Murthy,+919233161430,bangalore,blr_rajajinagar,two_wheeler,2020-08-20,2072,False,pending,True,False,False,True,True,upi,67,0.9282,0.0218,0.001,0.1966,4.36,0.0732,99.18,6.63,3964,3389.62,0.179,False,False,True,,
d48fde66-ba0c-45bf-819b-b38ece4f9d1a,Naresh Siddiqui,+916808303168,bangalore,blr_yeshwanthpur,three_wheeler,2021-09-25,1671,True,verified,True,True,True,True,True,upi,49,0.9342,0.0158,0.0014,0.0488,4.49,0.056,197.56,14.19,2936,7908.41,0.2036,False,False,False,,
1440b73e-df4f-4428-a121-c99527d7647b,Santosh Mukherjee,+916474954507,bangalore,blr_rajajinagar,truck_14ft,2022-04-05,1479,True,verified,True,True,False,True,True,upi,73,0.9261,0.0239,0.0032,0.1652,3.77,0.0158,2020.11,49.36,1778,25141.3,0.2951,False,False,False,,
e22b839a-3a4b-4d18-a903-798a1031f66f,Babu Jain,+916582455896,bangalore,blr_bannerghatta,mini_truck,2025-05-19,339,True,verified,True,True,False,True,True,upi,53,0.9088,0.0412,0.0047,0.1897,4.35,0.0075,525.31,14.76,514,13458.73,0.1121,False,False,False,,
dd5c3ece-4ef8-4a14-8583-a77ccc434a3e,Vinod Nair,+918135195663,bangalore,blr_btm,truck_17ft,2021-03-11,1869,True,unverified,True,True,True,False,True,upi,57,0.8807,0.0693,0.0012,0.1604,4.06,0.0351,1659.05,19.82,5688,77189.6,0.1011,False,False,True,,
78554bc1-65c6-4c15-9d7f-319d4d0b532c,Thirumalai Menon,+918458548781,bangalore,blr_marathahalli,three_wheeler,2023-10-10,926,True,verified,True,True,True,True,True,upi,62,0.9289,0.0211,0.0051,0.2952,4.1,0.0563,142.01,9.1,2296,11824.38,0.1545,False,False,False,,
49abaaa8-9502-4464-b553-44c6f2349809,Mahesh Pillai,+919259685836,bangalore,blr_hsr,two_wheeler,2021-09-10,1686,True,verified,True,True,True,True,True,cash,76,0.8433,0.1067,0.0316,0.2688,4.12,0.1083,123.77,9.6,6114,8525.84,0.1046,False,False,False,,
7a17d4b2-a62a-4026-b211-17b4a1407f37,Babu Patel,+916358573643,bangalore,blr_bannerghatta,two_wheeler,2023-09-08,958,True,unverified,True,True,False,False,True,cash,93,0.9402,0.0098,0.0015,0.1596,4.33,0.0513,78.7,8.24,2168,3949.1,0.2628,False,False,True,,
32d6edf8-a064-4249-88d4-5fea724a7a8a,Vijay Patil,+916581972376,bangalore,blr_hebbal,two_wheeler,2020-09-15,2046,True,pending,True,True,False,True,True,upi,91,0.9234,0.0266,0.0018,0.2256,4.73,0.0246,78.11,7.38,4758,7464.33,0.178,False,False,False,,
1bb80e9a-2a06-4991-933d-4f652f1d12c0,Dinesh Verma,+916204947677,bangalore,blr_hsr,mini_truck,2024-07-10,652,False,verified,True,True,True,True,True,upi,88,0.9362,0.0138,0.0006,0.2117,4.07,0.0774,431.66,10.89,2604,28390.14,0.1193,False,False,False,,
e871db04-9db9-42ff-a651-74c4b423b610,Anil Gowda,+919413213950,bangalore,blr_electronic_city,mini_truck,2023-06-07,1051,True,pending,True,True,False,True,True,bank,102,0.9346,0.0154,0.0014,0.1271,4.02,0.0253,603.31,13.99,2197,14473.02,0.0875,False,False,False,,
e7580cc2-69f4-4375-a109-57dfad3996e2,Naveen Singh,+919162581920,bangalore,blr_koramangala,mini_truck,2023-09-03,963,True,pending,True,True,False,True,True,bank,55,0.8568,0.0932,0.0253,0.3824,3.76,0.0646,320.13,13.69,2121,20951.94,0.2957,False,False,False,,
451491f2-60c7-4649-b3e3-ec490b3d3ca6,Rajan Garg,+919988164010,bangalore,blr_hsr,two_wheeler,2021-04-21,1828,True,verified,True,True,False,True,True,upi,70,0.9354,0.0146,0.0009,0.1191,4.82,0.0322,85.34,7.94,4153,3973.53,0.1639,False,False,False,,
a451e3c8-501f-41ef-9a9b-19787525b3d3,Sunil Gupta,+919748665377,bangalore,blr_electronic_city,truck_17ft,2025-05-12,346,True,verified,True,True,False,True,True,upi,86,0.9453,0.0047,0.0006,0.1687,4.2,0.0083,2327.86,44.85,662,49240.98,0.074,False,False,False,,
c22ccc0b-ee68-4d2e-8bdf-beffcd9058c1,Raja Nair,+916114806532,bangalore,blr_marathahalli,mini_truck,2021-06-01,1787,True,verified,True,True,False,True,True,upi,60,0.9438,0.0062,0.0024,0.1603,3.82,0.0068,380.08,12.83,5141,23321.49,0.117,False,False,False,,
e514867e-2fdd-4101-9fd5-c2089e675a11,Prakash Rao,+918477042980,bangalore,blr_rajajinagar,two_wheeler,2024-08-01,630,True,verified,True,True,False,True,True,upi,69,0.9177,0.0323,0.0031,0.2011,4.38,0.0268,92.66,10.86,1712,6808.1,0.2365,False,False,False,,
4c30efaa-bcd9-4fd1-8817-0de01ff825ef,Mahesh Sharma,+916437702141,bangalore,blr_bannerghatta,two_wheeler,2025-10-30,175,True,verified,True,True,False,True,True,upi,73,0.9398,0.0102,0.0007,0.1887,4.53,0.0462,114.77,9.78,611,8667.1,0.0679,False,False,False,,
8e4e4983-aa26-4f8d-951f-1b60c4975acd,Arjun Jain,+917172254631,bangalore,blr_yeshwanthpur,two_wheeler,2025-05-02,356,True,verified,True,True,False,True,True,upi,72,0.9403,0.0097,0.0021,0.249,4.79,0.0245,93.12,9.62,708,3961.79,0.2501,False,False,False,,
636fa64f-30a2-4ae1-bc7c-416697980d4d,Naresh Gowda,+916377225569,bangalore,blr_jayanagar,mini_truck,2022-09-04,1327,True,verified,True,True,True,True,True,upi,85,0.936,0.014,0.001,0.2129,4.52,0.0244,452.24,11.91,803,4667.11,0.2415,False,False,False,,
3dd6b037-20c0-47a9-837f-3bb9a1a8dfc9,Rohan Gupta,+918751989377,bangalore,blr_jayanagar,mini_truck,2025-03-03,416,True,verified,True,True,False,True,True,upi,57,0.9394,0.0106,0.0002,0.2273,3.83,0.0355,277.13,2.0,1149,17542.14,0.0776,False,False,False,,
bbbf5245-d09e-4c54-8cac-bd15723a5785,Mohammed Khan,+916579335614,bangalore,blr_rajajinagar,two_wheeler,2022-12-16,1224,True,verified,True,True,False,True,True,upi,75,0.9481,0.0019,0.0021,0.178,3.61,0.0574,103.95,6.8,2879,5310.37,0.432,False,False,False,,
a9808aa2-fa03-4f29-93a3-49f2dddb932b,Pavan Verma,+918521065766,bangalore,blr_btm,truck_17ft,2024-07-07,655,True,verified,True,True,False,True,True,cash,77,0.9405,0.0095,0.0054,0.2349,4.5,0.0487,1608.99,20.07,983,38405.73,0.0635,False,False,False,,
7f626e49-4499-4b51-953e-5b8a45147243,Umesh Shukla,+917476701886,bangalore,blr_whitefield,two_wheeler,2022-06-27,1396,True,verified,True,True,True,True,True,bank,108,0.8982,0.0518,0.0015,0.1948,5.0,0.0042,114.59,12.51,2733,3819.52,0.3246,False,False,False,,
1eb70106-5c88-473f-a819-694c7e5b3ba4,Ibrahim Sharma,+917467096771,bangalore,blr_yeshwanthpur,two_wheeler,2020-06-07,2146,False,verified,True,True,True,True,True,bank,77,0.9345,0.0155,0.005,0.167,4.86,0.0237,91.84,5.88,4350,5458.07,0.2354,False,False,False,,
7fa9e902-3a58-4281-bfd0-4bae2c3401ab,Shivakumar Tiwari,+916189170682,bangalore,blr_whitefield,truck_14ft,2024-01-20,824,True,verified,True,True,False,True,True,upi,59,0.9491,0.0009,0.0004,0.2365,4.41,0.0851,1422.36,31.44,652,14235.21,0.1274,False,False,False,,
3823b555-a5cb-4f85-84f6-44004b327835,Sanjay Shetty,+917127307684,bangalore,blr_electronic_city,three_wheeler,2020-06-02,2151,True,unverified,False,True,False,True,True,upi,93,0.9266,0.0234,0.0026,0.1228,4.29,0.0279,147.43,9.02,6198,12338.35,0.0368,False,False,False,,
23ab0ac5-650d-4777-bf86-5ceafdba286d,Deepak Patel,+917484189142,bangalore,blr_yeshwanthpur,two_wheeler,2025-02-23,424,True,verified,True,True,False,True,True,bank,75,0.9346,0.0154,0.001,0.1537,4.33,0.0622,84.97,8.3,971,5224.77,0.3286,False,False,False,,
cbcf7e49-6a2c-42a6-8003-5a703df62e93,Prakash Kulkarni,+919461204508,bangalore,blr_indiranagar,three_wheeler,2023-02-12,1166,True,verified,True,True,True,True,True,bank,57,0.9445,0.0055,0.0024,0.1614,4.57,0.0083,105.64,5.07,2203,8579.85,0.0226,False,False,False,,
9dab7958-9105-4af5-80dd-bd75d99b0e4a,Ritesh Joshi,+919335499697,bangalore,blr_koramangala,two_wheeler,2025-04-06,382,True,verified,True,True,False,True,True,bank,58,0.9299,0.0201,0.0005,0.1635,3.85,0.0868,48.96,1.57,564,3211.63,0.2693,False,False,False,,
595055f5-0c6a-4d1f-8d1d-9e3dbef200c1,Thirumalai Swamy,+919206595176,bangalore,blr_btm,three_wheeler,2025-01-26,452,True,verified,True,True,True,True,True,upi,86,0.9391,0.0109,0.0027,0.2291,3.96,0.0155,190.76,6.63,1321,10169.76,0.0727,False,False,False,,
35ea056d-da18-47c7-b895-2cae14a4de92,Raja Raju,+917525047758,bangalore,blr_yeshwanthpur,mini_truck,2025-11-04,170,True,verified,True,True,False,True,True,upi,85,0.942,0.008,0.0059,0.2225,4.14,0.0055,571.24,16.61,475,25681.25,0.0383,False,False,False,,
9149342d-596e-488a-88c2-971e2ba699b6,Praveen Yadav,+917994339704,bangalore,blr_electronic_city,two_wheeler,2025-08-05,261,True,verified,True,True,False,True,True,cash,33,0.8767,0.0733,0.0033,0.2241,4.48,0.0334,97.3,8.59,381,3072.08,0.3465,False,False,False,,
6fbad4b1-8fca-4cff-8bc0-880edc9cdf0b,Arjun Ghosh,+919187995914,bangalore,blr_indiranagar,three_wheeler,2025-04-13,375,True,verified,True,True,False,True,True,upi,95,0.8743,0.0757,0.002,0.1536,4.24,0.0646,182.94,10.63,293,3701.17,0.1926,False,False,False,,
35f94dc4-0e2a-42bb-bb27-3a739ed34c10,Ajay Jain,+919157956196,bangalore,blr_whitefield,two_wheeler,2023-10-16,920,True,verified,True,True,False,True,True,upi,93,0.9469,0.0031,0.0017,0.2597,4.57,0.0867,105.35,5.69,2444,3986.78,0.214,False,False,False,,
e9c93d04-2940-4062-ba3c-3cb5a5ec43f3,Ritesh Shah,+918281231808,bangalore,blr_jayanagar,three_wheeler,2025-03-29,390,True,verified,True,True,False,True,True,upi,70,0.9465,0.0035,0.0116,0.203,4.23,0.0329,291.52,14.55,896,6914.27,0.2451,False,False,False,,
2c077e66-01f6-4451-a753-4bb7253803a0,Paresh Khan,+919741765594,bangalore,blr_btm,three_wheeler,2025-10-27,178,True,verified,True,True,False,True,True,upi,83,0.9443,0.0057,0.0017,0.2285,4.42,0.0035,310.16,17.67,448,12378.38,0.1458,False,False,False,,
8f6e7f98-bdbb-4d96-92d3-15f668df0d20,Praveen Jain,+918888599633,bangalore,blr_btm,two_wheeler,2022-01-05,1569,True,verified,True,True,False,True,True,upi,62,0.5944,0.3556,0.121,0.6144,2.91,0.3929,91.97,7.15,5519,6890.72,0.4117,False,False,False,,solo
a652c366-a9a0-4891-8b44-577ceee628e4,Mohan Singh,+916132387139,bangalore,blr_rajajinagar,two_wheeler,2025-07-08,289,True,verified,True,True,False,True,True,bank,75,0.9373,0.0127,0.0003,0.2085,4.19,0.062,96.54,8.57,1111,7722.75,0.1881,False,False,False,,
2a66f2c3-5c81-4a2a-8f3d-655743d6bc33,Rajan Tiwari,+918434745808,bangalore,blr_koramangala,three_wheeler,2020-11-02,1998,True,verified,True,True,False,True,True,upi,69,0.9164,0.0336,0.0008,0.1757,4.81,0.0441,295.16,20.0,6597,15532.32,0.0788,False,False,False,,
87ec2d1c-22f0-48d5-b70e-5103423885cc,Vinod Pandey,+918221865837,bangalore,blr_hebbal,truck_14ft,2022-09-24,1307,True,unverified,False,True,True,True,True,bank,93,0.9313,0.0187,0.0018,0.1672,4.13,0.0396,1514.88,36.22,3422,63667.14,0.0743,False,False,False,,
2f15bad4-580d-4106-bced-0044656d83b1,Satish Ansari,+918557976351,bangalore,blr_jayanagar,two_wheeler,2024-07-12,650,True,verified,True,True,False,True,True,upi,63,0.9317,0.0183,0.0032,0.1819,4.31,0.017,126.01,9.54,2490,7592.59,0.2775,False,False,False,,
eb1e4faa-353b-4d4d-9098-e1ba186237c5,Krishan Shetty,+917866745643,bangalore,blr_btm,two_wheeler,2024-06-24,668,True,pending,True,True,False,True,True,bank,94,0.9392,0.0108,0.0048,0.1782,3.79,0.0248,81.35,8.05,1425,6108.1,0.5024,False,False,False,,
36c70dd3-edd4-44b4-ad77-0358d23e7e64,Praveen Tiwari,+916365721133,bangalore,blr_hsr,two_wheeler,2020-10-08,2023,True,pending,True,False,False,False,False,upi,32,0.9184,0.0316,0.0026,0.2402,4.86,0.0315,117.58,13.69,7295,8775.56,0.1156,False,False,True,,
d0430129-957a-48e8-b306-0ca5e56b8428,Basavaraj Babu,+919963740400,bangalore,blr_hebbal,three_wheeler,2025-08-14,252,True,pending,False,False,False,True,True,upi,42,0.9446,0.0054,0.0014,0.2796,3.79,0.0296,158.94,4.37,431,6642.71,0.4133,False,False,True,,
3dc34395-f38a-4d6c-8907-2a48a5bff438,Arjun Chatterjee,+918984974017,bangalore,blr_koramangala,two_wheeler,2024-08-31,600,True,unverified,True,True,False,True,True,bank,93,0.934,0.016,0.0008,0.1846,3.85,0.0526,129.42,14.09,1822,7038.26,0.3426,False,False,False,,
7e0ac9af-39fb-4831-a4db-7d73cb23e7b4,Mohan Bansal,+917332404679,bangalore,blr_whitefield,two_wheeler,2023-11-18,887,True,verified,True,True,False,True,True,upi,82,0.9173,0.0327,0.0029,0.2129,4.38,0.0351,126.54,9.73,2942,7318.87,0.2587,False,False,False,,
536015c5-c676-457d-bd78-16e29133d212,Ganesh Joshi,+917553480695,bangalore,blr_btm,two_wheeler,2022-05-01,1453,True,verified,True,True,False,True,True,upi,91,0.9429,0.0071,0.0018,0.0905,4.39,0.0413,219.76,15.0,1588,1613.32,0.2752,False,False,False,,
9fb2aa1a-5756-4838-9118-1745dbed481c,Abdul Murthy,+918134742854,bangalore,blr_whitefield,three_wheeler,2024-09-16,584,True,verified,True,True,False,True,True,upi,53,0.902,0.048,0.0066,0.2839,4.11,0.0487,225.22,15.26,1428,9029.4,0.1915,False,False,False,,
bffe0d80-222a-4a11-a6cf-cff0e1c868b7,Naveen Jain,+918972304080,bangalore,blr_koramangala,three_wheeler,2023-05-28,1061,True,pending,True,True,False,True,True,upi,83,0.9385,0.0115,0.0018,0.1855,4.45,0.0053,230.03,10.24,2707,8858.22,0.0183,False,False,False,,
e3ce56c8-9f6c-43d7-87b1-e3e01392b959,Babu Babu,+916933152929,bangalore,blr_hsr,two_wheeler,2023-03-29,1121,True,unverified,True,True,False,True,True,bank,70,0.9487,0.0013,0.0015,0.1637,4.6,0.0361,78.51,7.45,3074,7378.44,0.2862,False,False,False,,
21cb122d-ab09-49d3-829d-e29039aee941,Rajan Gupta,+917357124130,bangalore,blr_whitefield,two_wheeler,2026-03-21,33,True,verified,True,True,False,True,True,upi,77,0.7991,0.1509,0.01,0.2936,4.35,0.1297,74.87,5.82,51,3715.58,0.4995,False,False,False,,
48835b24-8dc0-4c6d-a930-de7354c78fc2,Karthi Shaikh,+917956845319,bangalore,blr_jayanagar,two_wheeler,2025-05-13,345,True,verified,True,True,False,True,True,upi,66,0.9465,0.0035,0.0034,0.2438,4.9,0.0382,65.01,4.98,813,5898.91,0.3413,False,False,False,,
10a8e504-83a8-487f-a5b0-00cf4b2b0a91,Satish Nair,+919284981189,bangalore,blr_electronic_city,truck_17ft,2022-05-20,1434,True,verified,True,True,False,True,True,upi,50,0.9304,0.0196,0.0087,0.2491,4.38,0.0106,1547.94,25.35,4314,97969.02,0.0495,False,False,False,,
ee43bfce-8fad-4295-becd-d3f7985673ee,Nilesh Patel,+917449553851,bangalore,blr_rajajinagar,two_wheeler,2024-07-08,654,True,pending,True,True,False,True,True,bank,69,0.9097,0.0403,0.0009,0.1741,4.16,0.0285,109.58,11.49,2932,11230.2,0.1093,False,False,False,,
3202db3f-763d-46e9-bae4-56f916276600,Ganesh Patil,+919598483533,bangalore,blr_koramangala,two_wheeler,2025-03-30,389,True,verified,True,True,False,True,True,upi,81,0.9478,0.0022,0.0011,0.0726,4.41,0.049,120.51,8.34,1191,6733.08,0.2524,False,False,False,,
3959f6a7-4cd3-43d9-a322-ed24812a13ea,Mahesh Rao,+916101185634,bangalore,blr_koramangala,two_wheeler,2024-05-01,722,True,verified,True,True,False,True,True,bank,65,0.9396,0.0104,0.0046,0.0937,4.61,0.0089,91.62,8.47,2500,9925.83,0.0,False,False,False,,
8e78b14d-a205-4945-a8fb-45b6aec41c59,Thirumalai Shah,+916653015731,bangalore,blr_bannerghatta,two_wheeler,2025-01-28,450,True,verified,True,True,False,True,True,bank,69,0.7462,0.2038,0.0314,0.4392,4.26,0.0618,82.31,5.96,649,3511.03,0.2398,False,False,False,,
1d761a6b-4ec1-4f79-bb79-04cf10d60508,Mahesh Verma,+918505392201,bangalore,blr_hebbal,mini_truck,2021-07-28,1730,True,pending,True,False,False,True,True,upi,66,0.9438,0.0062,0.005,0.1887,3.76,0.0531,710.76,29.71,4176,22308.73,0.2893,False,False,True,,
7d94ad1e-8179-45cb-ab6e-a5d6107242ca,Naresh Ansari,+918669958162,bangalore,blr_electronic_city,three_wheeler,2025-09-02,233,True,verified,True,True,False,True,True,upi,57,0.9304,0.0196,0.0049,0.2308,4.46,0.0093,333.6,18.11,465,7407.21,0.2334,False,False,False,,
fea3f556-bd7a-4e25-8457-54d9ef9cc8a1,Salman Shukla,+916158344949,bangalore,blr_whitefield,three_wheeler,2022-03-30,1485,True,verified,True,True,True,True,True,upi,68,0.9324,0.0176,0.0001,0.17,4.35,0.0514,276.5,11.92,1812,5735.28,0.3197,False,False,False,,
c2272a8b-61b9-4266-852f-ade492d1afe8,Ashok Ansari,+919167337829,bangalore,blr_marathahalli,two_wheeler,2020-11-20,1980,True,verified,True,True,True,True,True,bank,76,0.9239,0.0261,0.0027,0.169,4.19,0.0403,55.74,1.74,7263,7278.66,0.2614,False,False,False,,
3c6dc55c-fa83-4598-ac50-33818e817e37,Manoj Jain,+917762612936,bangalore,blr_indiranagar,truck_17ft,2022-12-13,1227,True,verified,True,True,False,True,True,bank,55,0.9478,0.0022,0.0028,0.053,5.0,0.0445,3473.59,75.38,2317,41673.61,0.0842,False,False,False,,
e47cd34e-ccd8-403a-83ff-7056b409637b,Prakash Reddy,+917892851310,bangalore,blr_electronic_city,three_wheeler,2025-05-07,351,True,verified,True,True,False,True,True,cash,78,0.9383,0.0117,0.0053,0.265,4.57,0.0893,191.14,9.84,1331,15608.87,0.0206,False,False,False,,
fb2655ce-ed8d-4a38-874b-3d7077390fd0,Basavaraj Mehta,+917585297963,bangalore,blr_koramangala,three_wheeler,2025-08-19,247,False,verified,True,True,False,True,True,upi,79,0.9075,0.0425,0.0017,0.2402,4.36,0.0894,226.39,8.68,398,7078.86,0.2343,False,False,False,,
2ce5edbe-fe06-4829-8cd0-41cc77f3c95d,Venkatesh Desai,+918123908878,bangalore,blr_yeshwanthpur,two_wheeler,2022-08-22,1340,True,verified,True,True,True,True,True,upi,116,0.8613,0.0887,0.01,0.2701,3.19,0.2659,64.81,10.17,6193,7498.99,0.3933,False,False,False,,
e840f814-fd3b-44df-a11a-1b680bacd28e,Rajesh Das,+919554493034,bangalore,blr_electronic_city,two_wheeler,2025-05-27,331,True,verified,True,True,False,True,True,upi,85,0.7643,0.1857,0.0221,0.374,3.31,0.1354,94.13,8.12,1373,11004.04,0.3066,False,False,False,,
394a0956-b8e4-4c54-9c48-6ec35f0653da,Salman Pillai,+919737670002,bangalore,blr_marathahalli,three_wheeler,2021-02-26,1882,True,verified,True,True,False,True,True,upi,73,0.7428,0.2072,0.0113,0.3672,4.36,0.0627,162.69,11.37,3350,8689.17,0.1671,False,False,False,,
dc27269e-8462-40a8-8afa-07df222f82c4,Umesh Yadav,+918645930022,bangalore,blr_whitefield,mini_truck,2023-04-06,1113,True,verified,True,True,True,True,True,cash,74,0.8844,0.0656,0.001,0.0925,4.51,0.0125,794.79,29.62,4051,29057.31,0.1609,False,False,False,,
a4d60ff7-45c6-4f31-a3d1-e2c353b4a16d,Rohan Nayak,+918457325578,bangalore,blr_yeshwanthpur,three_wheeler,2020-04-30,2184,True,verified,True,True,True,True,True,upi,120,0.9161,0.0339,0.0049,0.068,4.78,0.0816,127.85,6.48,5928,8602.82,0.1497,False,False,False,,
18539eb0-1185-42a3-b4f8-2692479e1204,Salman Mishra,+918495775070,bangalore,blr_indiranagar,two_wheeler,2023-05-08,1081,True,verified,True,True,False,True,True,bank,89,0.9451,0.0049,0.0011,0.1741,4.16,0.0553,165.99,13.55,4712,11561.11,0.1424,False,False,False,,
74f0adcd-3198-4e24-93c5-38cb3d5e2a45,Rakesh Sharma,+916199946900,bangalore,blr_marathahalli,two_wheeler,2025-01-22,456,True,verified,True,True,False,True,True,upi,56,0.9394,0.0106,0.0031,0.3,4.32,0.0218,43.14,3.64,1007,4910.93,0.2815,False,False,False,,
fe2b11ba-4710-4891-a606-57998a5f15bc,Kiran Tiwari,+918684930472,bangalore,blr_whitefield,two_wheeler,2022-08-27,1335,True,pending,True,False,True,True,True,bank,104,0.9083,0.0417,0.0042,0.2856,4.55,0.0339,51.86,2.38,2403,4055.0,0.3011,False,False,True,,
bb797749-b074-42c9-b68c-ded4f5b53aee,Vijay Jain,+919401467317,bangalore,blr_hsr,mini_truck,2025-03-14,405,True,verified,True,True,False,True,True,cash,58,0.912,0.038,0.0008,0.1465,4.21,0.0133,528.58,30.0,498,12512.42,0.1171,False,False,False,,
46c32498-95ef-4579-822c-81452a4b646d,Arjun Desai,+919135002557,bangalore,blr_btm,three_wheeler,2020-10-24,2007,True,verified,True,True,False,True,True,upi,68,0.9461,0.0039,0.0051,0.1932,4.45,0.0197,299.24,19.28,1604,3916.08,0.2434,False,False,False,,
a28f1699-61d0-46ee-8dd0-003d0e81ed92,Rajesh Shetty,+918447261872,bangalore,blr_bannerghatta,three_wheeler,2025-09-28,207,True,verified,True,True,False,True,True,upi,61,0.8825,0.0675,0.0011,0.1225,4.63,0.037,232.1,9.8,751,12418.86,0.142,False,False,False,,
a120f5e3-3248-439c-8d10-cec729104b07,Umesh Mishra,+919426491830,bangalore,blr_marathahalli,truck_14ft,2021-01-14,1925,True,verified,True,True,False,True,True,upi,21,0.9406,0.0094,0.0017,0.1498,4.3,0.0036,1907.55,46.41,5136,57832.82,0.1097,False,False,False,,
30e1982b-265a-4527-a7ee-2c58b3965a29,Umesh Shah,+918505859148,bangalore,blr_hsr,three_wheeler,2023-01-12,1197,True,pending,True,False,False,True,True,upi,52,0.9497,0.0003,0.0006,0.3031,3.99,0.0445,129.86,4.92,3103,12734.05,0.1583,False,False,True,,
897ae843-0299-44ca-bc8d-60c9ee911e48,Shivakumar Patil,+919835440778,bangalore,blr_electronic_city,two_wheeler,2025-11-22,152,True,verified,True,True,False,True,True,upi,116,0.9464,0.0036,0.0026,0.2079,4.12,0.0129,90.02,5.33,573,8201.55,0.162,False,False,False,,
1e50d9d7-9560-44ec-b4e5-93a011fc9bda,Satish Verma,+916902000764,bangalore,blr_whitefield,mini_truck,2023-04-25,1094,True,verified,True,True,True,True,True,upi,60,0.9177,0.0323,0.007,0.1941,4.45,0.0134,641.36,18.86,3731,25693.29,0.0341,False,False,False,,
b5fd7e6f-d034-4cf3-b44b-cdec5112f783,Basavaraj Menon,+917815390912,bangalore,blr_btm,two_wheeler,2023-01-03,1206,True,pending,False,True,True,True,True,upi,64,0.904,0.046,0.0012,0.0935,4.99,0.0326,93.71,7.99,3791,7309.73,0.2495,False,False,False,,
e8805c66-672a-40a8-90e4-5451bcca7303,Shivakumar Siddiqui,+917774075710,bangalore,blr_hebbal,two_wheeler,2024-10-19,551,True,verified,True,True,False,True,True,upi,86,0.9322,0.0178,0.0006,0.1013,4.0,0.0534,67.33,4.73,1210,5489.14,0.1582,False,False,False,,
8c58751b-77b9-460b-b627-c24da4cdeaef,Paresh Pandey,+916350648343,bangalore,blr_hebbal,truck_14ft,2023-02-02,1176,True,verified,True,True,True,True,True,upi,90,0.9233,0.0267,0.0001,0.1751,4.02,0.0354,1300.61,35.03,3847,72243.68,0.0694,False,False,False,,
b21934da-0635-4725-95ab-0072e8197495,Ashok Raju,+918917397544,bangalore,blr_bannerghatta,mini_truck,2023-12-11,864,True,unverified,True,True,False,True,True,upi,46,0.8885,0.0615,0.0015,0.2315,4.03,0.0108,308.82,9.49,1776,15283.18,0.0505,False,False,False,,
81d22933-e24d-4fd3-8ef1-6b6741993f73,Rakesh Reddy,+918971006785,bangalore,blr_rajajinagar,mini_truck,2025-09-20,215,True,verified,True,True,False,True,True,upi,77,0.9419,0.0081,0.0017,0.1678,3.81,0.03,409.38,10.52,275,11851.26,0.1028,False,False,False,,
0af37851-3cb5-4c0c-ba47-b3119d7ee130,Ravi Ghosh,+917905024946,bangalore,blr_koramangala,three_wheeler,2024-08-13,618,True,unverified,True,False,False,False,True,upi,55,0.9468,0.0032,0.0056,0.28,4.42,0.0354,177.12,5.99,2362,10828.83,0.1043,False,False,True,,
176d2f15-0dc5-4e9e-9a2e-03a49b882266,Murugan Rao,+916376702798,bangalore,blr_marathahalli,mini_truck,2020-08-10,2082,True,unverified,True,True,False,True,True,upi,79,0.9429,0.0071,0.0035,0.2585,4.34,0.0916,572.5,23.66,5527,22259.68,0.0964,False,True,False,,
cee777c3-f444-4aa5-ae83-85bf6c1a16ea,Senthil Singh,+919316715481,bangalore,blr_btm,mini_truck,2024-09-17,583,True,pending,True,True,False,True,True,upi,53,0.7636,0.1864,0.0143,0.5306,3.9,0.1769,266.91,2.0,1197,19066.99,0.1304,False,False,False,,
6479c913-bb3c-4fa3-8493-c0aa872a2f87,Mukesh Garg,+919302008690,bangalore,blr_electronic_city,two_wheeler,2024-02-20,793,True,verified,True,True,False,True,True,bank,96,0.9423,0.0077,0.0017,0.0935,4.3,0.0425,79.45,9.17,2441,7094.28,0.3,False,False,False,,
ccb18ccf-aa21-4b33-bcac-513e453f05fb,Senthil Patel,+917533466956,bangalore,blr_hsr,two_wheeler,2022-11-27,1243,True,unverified,True,False,False,True,True,bank,70,0.9478,0.0022,0.0011,0.1269,3.97,0.0226,82.4,7.64,3839,7294.95,0.2679,False,False,True,,
efdafb60-ce5a-4259-8a82-51aaa68cb0fb,Dinesh Mishra,+916912738111,bangalore,blr_btm,mini_truck,2020-07-12,2111,False,verified,True,True,True,True,True,upi,59,0.9322,0.0178,0.0027,0.0926,4.01,0.044,295.34,14.42,3346,14774.21,0.1703,False,False,False,,
4148f3c1-88f0-4fe0-bc57-9073fb8f14b1,Raja Gowda,+919608458536,bangalore,blr_yeshwanthpur,mini_truck,2024-09-07,593,True,verified,True,True,True,True,True,upi,44,0.8295,0.1205,0.0407,0.2159,4.46,0.05,547.17,18.98,1380,17211.67,0.0709,False,False,False,,
57c67288-2801-402e-bd9e-c04c7c5a0bb1,Pavan Singh,+919131883212,bangalore,blr_electronic_city,two_wheeler,2025-03-03,416,True,verified,True,True,False,True,True,bank,94,0.9469,0.0031,0.0006,0.161,4.35,0.0418,133.88,12.42,957,5673.34,0.1472,False,False,False,,
41ccd42c-9d6e-4e6a-8837-24172a174c1e,Mohammed Gowda,+919662372388,bangalore,blr_electronic_city,mini_truck,2021-12-26,1579,True,verified,True,True,True,True,True,bank,100,0.9371,0.0129,0.0009,0.0927,4.31,0.0469,358.64,13.06,3833,25412.65,0.1325,False,False,False,,
8b5f56c1-000c-4990-899c-3380c95e6b1a,Rakesh Ghosh,+919711893537,bangalore,blr_electronic_city,mini_truck,2025-12-27,117,True,unverified,True,True,False,True,True,upi,82,0.9374,0.0126,0.0003,0.1637,3.64,0.0584,515.38,15.95,202,11569.54,0.266,False,False,False,,
7a50d01a-e0a9-4057-8a21-cbd18b630534,Abdul Gowda,+916808905814,bangalore,blr_rajajinagar,truck_14ft,2024-06-28,664,True,verified,True,True,False,True,True,upi,55,0.8488,0.1012,0.0327,0.3817,4.29,0.1897,664.98,4.08,359,8573.25,0.081,False,False,False,,
6587dc75-cdec-4281-a429-1cb22e84a580,Deepak Murthy,+917310231724,bangalore,blr_rajajinagar,two_wheeler,2025-11-28,146,True,expired,True,True,False,True,True,bank,53,0.9384,0.0116,0.0009,0.138,4.49,0.0202,130.09,10.87,345,4891.61,0.2795,False,False,False,,
38a4fb75-6f35-4bb0-ba48-0c3cce9a7d17,Anil Babu,+918447231299,bangalore,blr_indiranagar,three_wheeler,2020-06-01,2152,True,verified,True,True,False,True,True,upi,99,0.9151,0.0349,0.0004,0.2857,4.14,0.0327,155.93,6.0,2932,6156.38,0.1932,False,False,False,,
3056aba2-9533-4eab-9753-2630dbea1025,Naresh Mehta,+919718135291,bangalore,blr_whitefield,two_wheeler,2026-01-15,98,True,unverified,True,True,False,True,False,bank,67,0.9239,0.0261,0.0008,0.149,4.4,0.09,105.26,9.82,312,5649.94,0.1796,False,False,False,,
326ba6e8-b3e4-4561-b7ed-6349d99651b0,Naveen Mishra,+918819642864,bangalore,blr_electronic_city,two_wheeler,2024-04-29,724,True,verified,True,True,False,True,True,upi,67,0.9146,0.0354,0.0015,0.2573,4.69,0.0657,56.81,3.62,2833,9327.41,0.0491,False,False,False,,
cb4f21ad-4be8-4463-9529-d18843fc0172,Ravi Iyer,+917893412101,bangalore,blr_electronic_city,two_wheeler,2024-06-21,671,True,verified,True,True,False,True,True,upi,64,0.9009,0.0491,0.0015,0.1973,3.97,0.0241,131.4,10.43,2212,7842.3,0.2936,False,False,False,,
05c8847b-b312-47e8-8926-30e0de26eb8d,Thirumalai Khan,+919407328582,bangalore,blr_marathahalli,mini_truck,2025-12-14,130,True,verified,True,True,False,True,True,upi,67,0.9308,0.0192,0.0044,0.1509,4.3,0.0616,580.75,19.37,462,20906.83,0.117,True,False,False,,
b80d7aa6-a664-48c6-be8c-ac9ed3989676,Arjun Gupta,+917656195764,bangalore,blr_marathahalli,three_wheeler,2026-01-29,84,True,verified,True,True,False,True,True,upi,50,0.8933,0.0567,0.0,0.2388,4.38,0.0492,131.04,4.5,225,8815.33,0.2562,False,False,False,,
3c7d409a-adaa-4f17-8a9b-7c40b0a4cf05,Venkatesh Joshi,+916482952051,bangalore,blr_electronic_city,truck_14ft,2025-12-05,139,True,verified,True,True,False,True,True,bank,72,0.8983,0.0517,0.0006,0.1492,4.02,0.0678,819.16,15.82,335,53385.79,0.1255,False,False,False,,
f3bc2d23-cca4-4ae6-8582-404caa38d910,Karthi Chatterjee,+916621040051,bangalore,blr_hsr,two_wheeler,2020-07-08,2115,True,unverified,True,True,False,True,True,upi,51,0.9464,0.0036,0.0002,0.1429,4.7,0.0694,58.58,3.32,5674,6064.14,0.2937,False,False,False,,
ae75ec1c-6cd7-475b-9c67-26a28eead68a,Babu Das,+917953170680,bangalore,blr_rajajinagar,three_wheeler,2025-02-18,429,False,pending,False,True,False,True,False,upi,47,0.9387,0.0113,0.0038,0.1061,4.57,0.0226,218.34,12.15,1382,12066.29,0.182,False,False,False,,
08259914-68d1-4121-a00e-7985df00a30b,Mukesh Nayak,+917765968673,bangalore,blr_yeshwanthpur,mini_truck,2021-07-05,1753,True,verified,True,True,False,True,True,upi,27,0.9282,0.0218,0.0002,0.1135,4.88,0.0167,548.53,24.19,4753,20030.85,0.1062,False,False,False,,
2a8fcb42-582c-4391-9e41-4c7f01b33335,Abdul Kumar,+916682423732,bangalore,blr_rajajinagar,two_wheeler,2020-08-04,2088,True,verified,True,True,True,True,True,cash,90,0.9391,0.0109,0.0012,0.3034,4.32,0.0321,115.25,9.61,3685,3717.3,0.1906,False,False,False,,
010585bd-9841-4734-9751-bddbbf0da625,Umesh Verma,+918366291824,bangalore,blr_hsr,truck_17ft,2020-12-11,1959,True,verified,True,True,False,True,True,bank,88,0.9356,0.0144,0.0015,0.2635,4.66,0.0854,1454.18,32.19,7289,82263.43,0.056,False,False,False,,
f72bc0a1-fb99-4a4f-ab07-c4b1cffa63e4,Ibrahim Joshi,+918205101734,bangalore,blr_hebbal,two_wheeler,2021-12-06,1599,True,pending,True,False,True,False,False,upi,80,0.9365,0.0135,0.0017,0.2009,4.72,0.035,113.9,11.48,2986,4546.25,0.1956,True,True,True,,
a52e32a6-8265-459a-af48-40887d65863e,Ashok Patel,+918636188223,bangalore,blr_hsr,mini_truck,2025-05-14,344,True,verified,True,True,False,True,True,cash,45,0.9145,0.0355,0.0009,0.1629,4.43,0.1035,500.14,16.67,360,8554.43,0.1006,False,False,False,,
59333508-8d21-4ede-8559-e0b264000a27,Naveen Shaikh,+919493709340,bangalore,blr_hsr,three_wheeler,2021-03-09,1871,True,verified,True,True,False,True,True,bank,12,0.9237,0.0263,0.0067,0.2577,4.53,0.1217,285.57,15.0,4823,8847.61,0.1092,False,False,False,,
7c1a3871-1eb1-4502-baa3-93c0dd1a957e,Rajan Yadav,+918450070207,bangalore,blr_bannerghatta,mini_truck,2021-04-10,1839,True,verified,True,True,True,True,True,upi,107,0.9141,0.0359,0.0001,0.1532,4.61,0.034,335.14,2.0,4897,23632.98,0.0998,False,False,False,,
0b491cb4-f64b-4c4b-8e5d-b869c16c4a8d,Shivakumar Siddiqui,+916145414855,bangalore,blr_indiranagar,truck_17ft,2025-07-09,288,True,verified,True,True,False,True,True,bank,93,0.9378,0.0122,0.0003,0.1421,4.49,0.0193,3439.25,66.08,879,82984.11,0.0878,False,False,False,,
0b22a75f-4a2c-4a1a-b0b9-199d5424f03e,Vijay Murthy,+919734293780,bangalore,blr_rajajinagar,mini_truck,2024-11-12,527,True,verified,True,True,False,True,True,bank,109,0.9447,0.0053,0.0017,0.1215,4.1,0.0192,461.24,12.97,1748,32129.05,0.0864,False,False,False,,
fe3ed5b1-1100-4fbc-85e0-2b66c0f42483,Sanjay Jain,+918707869217,bangalore,blr_electronic_city,two_wheeler,2022-10-01,1300,True,verified,True,True,False,True,True,bank,49,0.7109,0.2391,0.0794,0.3979,3.15,0.3198,81.63,6.05,3030,5184.14,0.4253,False,False,False,,
7fc2447d-90af-4230-9a72-2aa3728d78f8,Thirumalai Shukla,+919684708239,bangalore,blr_koramangala,three_wheeler,2025-03-15,404,True,verified,True,True,False,True,True,upi,64,0.6902,0.2598,0.1335,0.7045,3.56,0.3377,213.73,10.42,588,6424.28,0.4647,False,False,False,RING_BAN_002,member
518bf149-5867-4bc6-97cd-9a07a9a184ee,Ramesh Menon,+918109066778,bangalore,blr_jayanagar,mini_truck,2022-10-04,1297,True,verified,True,True,False,True,True,bank,71,0.9443,0.0057,0.0004,0.267,4.14,0.0599,454.2,14.05,2305,16529.43,0.1511,False,False,False,,
1100ac29-eac1-4f0f-bf27-7d71d5ae9943,Rajan Rao,+919998372334,bangalore,blr_whitefield,two_wheeler,2022-05-17,1437,True,unverified,True,False,False,True,True,upi,80,0.9226,0.0274,0.0008,0.194,4.34,0.0145,72.76,5.21,4905,9087.91,0.1143,False,False,True,,
15e88d72-5ec7-411b-9ffc-8ff1d4364025,Naresh Garg,+916269594351,bangalore,blr_btm,three_wheeler,2024-05-30,693,True,pending,True,True,False,True,True,upi,72,0.7245,0.2255,0.1018,0.4788,3.56,0.2414,320.1,18.16,1667,13567.77,0.3408,False,False,False,RING_BAN_001,member
e94b12d5-27c0-49ca-9d46-35d45144bd0f,Vijay Tiwari,+918638096181,bangalore,blr_indiranagar,two_wheeler,2023-11-07,898,True,verified,True,True,False,True,True,upi,58,0.9236,0.0264,0.0012,0.1067,4.26,0.037,117.9,8.99,2614,7278.79,0.2802,False,False,False,,
f2d6436c-5a5d-449e-8749-f2a1584b2305,Venkatesh Rao,+916846691687,bangalore,blr_yeshwanthpur,three_wheeler,2020-05-17,2167,True,unverified,False,True,True,True,True,upi,83,0.9203,0.0297,0.0002,0.1924,4.28,0.0109,191.69,8.78,5200,11333.44,0.0558,False,False,False,,
94951dff-bd82-4296-b1e9-c3c667281a7f,Sanjay Yadav,+919496883926,bangalore,blr_indiranagar,two_wheeler,2023-01-09,1200,True,verified,True,True,True,True,True,bank,83,0.9223,0.0277,0.0023,0.1516,4.42,0.0423,109.16,12.26,4229,7843.41,0.2502,False,False,False,,
bb06aa41-9787-4f77-822a-96e8b7fb9d37,Murugan Garg,+917349125914,bangalore,blr_rajajinagar,mini_truck,2024-03-17,767,True,verified,True,True,True,True,True,bank,62,0.9294,0.0206,0.0003,0.1573,4.32,0.0947,439.07,14.67,1747,18931.86,0.1202,False,False,False,,
3e53e25b-042b-4950-a4d3-1fbf32de8e7e,Vivek Iyer,+916311418916,bangalore,blr_jayanagar,two_wheeler,2022-08-24,1338,True,verified,True,True,False,True,True,upi,55,0.9122,0.0378,0.0041,0.2621,4.23,0.0486,149.83,12.02,3122,5470.13,0.1648,False,False,False,,
7c0f84ce-c053-4d9f-9859-d0cf13118262,Vivek Mukherjee,+918315665999,bangalore,blr_koramangala,truck_14ft,2020-06-29,2124,True,verified,True,True,True,True,True,cash,61,0.9357,0.0143,0.0008,0.1926,4.28,0.0089,629.14,4.0,4489,34833.82,0.1408,False,False,False,,
dc143963-ba9b-4f8a-a86a-7f77e9b8e1af,Praveen Murthy,+916930183029,bangalore,blr_yeshwanthpur,two_wheeler,2021-09-11,1685,True,verified,True,True,False,True,True,upi,81,0.9463,0.0037,0.0002,0.1783,4.91,0.0695,71.99,6.55,5603,7469.35,0.3323,False,False,False,,
b7f2df16-bc00-4ba1-a809-eda84d875469,Ritesh Gupta,+917473219759,bangalore,blr_bannerghatta,truck_14ft,2025-06-24,303,True,unverified,False,False,False,True,True,upi,89,0.9233,0.0267,0.0011,0.1157,4.19,0.0399,1501.25,41.75,1315,82895.7,0.1276,False,False,True,,
7bcd0345-ce35-446d-b2ec-394a31d8912e,Ganesh Garg,+919454208668,bangalore,blr_electronic_city,two_wheeler,2020-05-20,2164,True,unverified,True,True,False,True,True,bank,93,0.9167,0.0333,0.0078,0.2175,4.47,0.0766,133.61,10.46,4154,4803.23,0.2065,False,False,False,,
2edd7a0a-41eb-4d1a-bc8a-a2d256d9b9e7,Ravi Menon,+918627989973,bangalore,blr_hebbal,mini_truck,2024-02-12,801,True,unverified,False,False,False,True,False,bank,45,0.9375,0.0125,0.002,0.1703,4.05,0.0353,731.95,30.0,2266,20506.62,0.0937,False,False,True,,
56d322e4-7aab-441c-899c-405d87c9fcdf,Lokesh Hegde,+918935152238,bangalore,blr_whitefield,two_wheeler,2021-01-21,1918,True,verified,True,True,True,True,True,upi,38,0.924,0.026,0.0005,0.1239,4.13,0.0459,73.32,7.36,3641,4086.29,0.2787,False,False,False,,
65cd45dd-b633-4589-8426-762294894a65,Pavan Hegde,+918586581788,bangalore,blr_btm,mini_truck,2024-01-31,813,True,verified,True,True,False,True,True,upi,76,0.9346,0.0154,0.0031,0.1738,4.58,0.0397,257.74,4.68,2715,28220.85,0.1114,False,False,False,,
f478d129-3edc-4e48-b281-49ceeb68e26a,Ramesh Naidu,+916302150303,bangalore,blr_hebbal,truck_14ft,2022-07-23,1370,True,verified,True,True,False,True,True,upi,65,0.9371,0.0129,0.0,0.1514,4.0,0.0447,1459.05,31.02,2964,49062.77,0.0852,False,False,False,,
e861bfd6-f19f-490a-8fe7-7e24935e1d10,Krishan Nayak,+919333724057,bangalore,blr_indiranagar,mini_truck,2022-01-10,1564,True,pending,True,True,False,False,False,cash,51,0.9171,0.0329,0.0136,0.2011,4.86,0.0544,718.73,16.76,776,3987.54,0.2386,False,False,True,,
76a58c61-7bed-4019-84cc-4d970eaf9cbe,Vinod Shetty,+919347871546,bangalore,blr_whitefield,two_wheeler,2024-07-08,654,True,verified,True,True,True,True,True,bank,79,0.8043,0.1457,0.0158,0.2855,4.2,0.088,80.18,8.24,1620,4610.3,0.2913,False,False,False,,
5d27e7dd-ab73-468a-a1de-177c87054e3b,Karthi Yadav,+919822330897,bangalore,blr_indiranagar,two_wheeler,2025-04-03,385,True,verified,True,True,False,True,True,upi,68,0.9257,0.0243,0.0136,0.0569,3.72,0.0334,102.94,9.62,1389,10028.28,0.3465,False,False,False,,
bb0f77a7-6959-48e5-95c7-7eb4a8545e5a,Mahesh Bhat,+917507994861,bangalore,blr_rajajinagar,truck_17ft,2021-04-19,1830,True,verified,True,True,False,True,True,upi,79,0.9393,0.0107,0.0014,0.186,4.43,0.0841,1775.48,26.82,6138,114855.13,0.153,False,False,False,,
f48dc266-2cb6-4e48-a813-a7834371ae0f,Naveen Gowda,+917429622682,bangalore,blr_yeshwanthpur,two_wheeler,2023-02-16,1162,True,verified,True,True,False,True,True,upi,77,0.936,0.014,0.0094,0.0041,4.2,0.0136,111.04,9.17,3715,7630.81,0.2856,False,False,False,,
389798ef-011b-479b-8f83-f14a7a26a89b,Suresh Verma,+917362499767,bangalore,blr_marathahalli,mini_truck,2025-03-24,395,False,verified,True,True,False,True,True,bank,76,0.934,0.016,0.0029,0.1247,4.22,0.0235,494.38,20.63,1110,28693.29,0.1245,False,False,False,,
2ede7710-b6a7-4774-b6ec-9e064e6bd62e,Kumar Raju,+918443560921,bangalore,blr_koramangala,two_wheeler,2025-10-31,174,True,unverified,True,True,False,False,True,upi,72,0.9322,0.0178,0.0027,0.2745,4.71,0.109,117.81,12.3,569,4666.84,0.2451,False,False,True,,
7474e8d5-a407-4b22-931a-14e6cc7049a9,Kiran Chatterjee,+919730236494,bangalore,blr_bannerghatta,two_wheeler,2023-11-20,885,True,verified,True,True,False,True,True,bank,91,0.9307,0.0193,0.0086,0.0749,4.49,0.0048,124.55,9.24,2269,5834.21,0.2631,False,False,False,,
a392f9d0-9808-400c-a47c-ba0e6224cd57,Manoj Dubey,+918559655726,bangalore,blr_jayanagar,two_wheeler,2025-10-04,201,True,unverified,True,True,False,True,True,bank,92,0.9479,0.0021,0.0082,0.2523,3.92,0.073,57.45,7.35,486,5796.44,0.206,False,False,False,,
e2bce5c7-edc5-4034-a55b-10a4d706d6bc,Ganesh Rao,+919330683157,bangalore,blr_yeshwanthpur,mini_truck,2020-12-07,1963,True,verified,True,True,False,True,True,upi,54,0.9481,0.0019,0.002,0.1626,4.45,0.1163,888.44,30.0,7400,35223.18,0.017,False,False,False,,
0c30704d-8eb4-4808-81f1-1e20a35843d8,Sunil Bhat,+918602759610,bangalore,blr_marathahalli,two_wheeler,2024-01-07,837,True,verified,True,True,True,True,True,upi,49,0.9286,0.0214,0.0027,0.2199,4.05,0.0727,83.15,11.04,2283,6131.26,0.2695,True,False,False,,
00b91a2f-fab4-4c44-b0db-96c45ba6574f,Suresh Shetty,+917458757746,bangalore,blr_indiranagar,two_wheeler,2023-10-17,919,True,verified,True,True,False,True,True,upi,70,0.9339,0.0161,0.0026,0.2328,4.44,0.0241,145.56,15.0,1272,2287.03,0.2293,False,False,False,,
7381a358-d03f-417c-9cef-a81bfc3eebe4,Kumar Kulkarni,+919344074631,bangalore,blr_indiranagar,two_wheeler,2023-10-21,915,True,verified,True,True,False,True,True,upi,78,0.8312,0.1188,0.0198,0.3655,4.03,0.0713,106.75,9.41,3435,8956.26,0.1025,False,False,False,,
a7d759e9-e230-419f-8fb4-6403b6702d76,Thirumalai Bhat,+916961900888,bangalore,blr_btm,mini_truck,2023-11-06,899,True,unverified,True,True,False,True,True,bank,42,0.9265,0.0235,0.0007,0.1453,4.08,0.0419,701.13,25.05,3623,36336.89,0.0601,False,True,False,,
43e65e25-8ef7-45e9-a22b-3b54bc39a057,Girish Patil,+919885824896,bangalore,blr_electronic_city,two_wheeler,2024-09-09,591,True,pending,True,True,False,True,True,upi,67,0.9111,0.0389,0.0009,0.1667,4.07,0.045,103.05,8.45,1613,7565.21,0.2348,False,False,False,,
6f461dcc-1f83-4475-bfff-6a47eae85e63,Babu Shaikh,+917996850922,bangalore,blr_rajajinagar,mini_truck,2023-03-11,1139,True,verified,True,True,True,True,True,bank,51,0.8974,0.0526,0.0053,0.2443,4.5,0.0381,570.69,28.29,2667,13669.1,0.0999,False,False,False,,
1fafe86b-b31a-446e-969c-0d9204f8d422,Mahesh Verma,+918910073442,bangalore,blr_bannerghatta,two_wheeler,2022-02-17,1526,True,pending,True,False,False,True,True,upi,61,0.9033,0.0467,0.0048,0.1928,4.3,0.0434,105.63,9.08,3365,4307.09,0.3437,False,False,True,,
d421d929-f7e1-4808-8c74-407e00ce632b,Mohammed Siddiqui,+919143294155,bangalore,blr_hsr,three_wheeler,2023-11-15,890,True,verified,True,True,False,True,True,upi,62,0.9453,0.0047,0.003,0.1824,4.18,0.0512,195.18,10.71,3269,17816.48,0.0537,False,False,False,,
12e390b3-8dfa-4c7f-b5d3-bfdb05f98303,Pavan Patel,+919742961677,bangalore,blr_marathahalli,two_wheeler,2023-12-07,868,True,unverified,True,True,True,True,True,upi,61,0.9444,0.0056,0.0012,0.2188,4.28,0.0382,66.53,8.06,3208,10953.19,0.173,False,False,False,,
9f808e7b-0769-477a-b8b8-1b16d4aac7f5,Raja Hegde,+916259841355,bangalore,blr_electronic_city,three_wheeler,2024-10-07,563,True,verified,True,True,False,True,True,upi,21,0.9431,0.0069,0.0025,0.238,4.15,0.0509,230.59,13.59,1932,15635.2,0.0864,False,False,False,,
f329f46c-1522-4e92-a640-d77d51e77092,Basavaraj Joshi,+917259676228,bangalore,blr_yeshwanthpur,two_wheeler,2022-03-31,1484,False,pending,True,True,False,True,True,upi,61,0.9257,0.0243,0.0003,0.2075,4.85,0.0931,75.22,6.57,2619,4145.95,0.2241,False,False,False,,
4edceca1-b6d4-47a3-a4ea-56e2c0f63f9f,Ashok Raju,+916884217538,bangalore,blr_yeshwanthpur,mini_truck,2025-09-28,207,True,unverified,True,True,False,True,True,bank,30,0.9426,0.0074,0.0069,0.1903,4.64,0.0812,719.16,22.15,382,14523.49,0.0708,False,False,False,,
96fd57ab-7aa5-48b5-a0c0-bb514a145e63,Rajan Pillai,+919738948351,bangalore,blr_electronic_city,two_wheeler,2025-11-17,157,True,verified,True,True,False,True,True,cash,79,0.9359,0.0141,0.0008,0.1696,4.65,0.0542,123.64,12.73,367,6207.65,0.2355,False,False,False,,
ea2b7656-8569-4177-9368-97f3a5ef5477,Paresh Agarwal,+916300216088,bangalore,blr_rajajinagar,mini_truck,2025-11-08,166,False,verified,True,True,False,True,True,upi,66,0.944,0.006,0.0003,0.2006,4.42,0.0217,382.62,9.29,473,25499.8,0.2579,False,False,False,,
a990aafc-e91e-4b2f-9687-0939d7c8c746,Sunil Mehta,+916751168808,bangalore,blr_hebbal,two_wheeler,2024-08-29,602,True,verified,True,True,False,True,True,bank,82,0.9185,0.0315,0.0002,0.2495,4.26,0.003,105.05,9.66,930,3230.3,0.2357,False,False,False,,
a6cabe81-ab96-4138-9394-c49c0527414a,Salman Shetty,+918686412543,bangalore,blr_indiranagar,two_wheeler,2026-01-22,91,True,verified,True,True,False,True,True,upi,68,0.9211,0.0289,0.0022,0.1568,4.1,0.0927,73.52,5.86,170,3376.83,0.239,False,False,False,,
b5fb540a-3768-4cae-9182-36901de548da,Venkatesh Shetty,+918764363044,bangalore,blr_hsr,two_wheeler,2026-01-05,108,True,pending,True,False,False,False,False,upi,71,0.9351,0.0149,0.0019,0.1699,4.61,0.0382,67.47,6.73,226,4892.95,0.253,False,True,True,,
a126dea6-f17a-48a5-8b80-032f600979d3,Manish Hegde,+917605367386,bangalore,blr_rajajinagar,two_wheeler,2021-06-07,1781,True,pending,True,True,True,True,False,upi,61,0.9306,0.0194,0.0009,0.0772,3.8,0.0342,157.64,14.35,6178,8900.75,0.0903,False,False,False,,
77692d62-c98a-43f1-8ff2-3700ffba8f82,Nilesh Khan,+918262831801,bangalore,blr_bannerghatta,two_wheeler,2023-11-27,878,True,unverified,True,True,False,True,True,upi,63,0.9431,0.0069,0.0004,0.1303,3.83,0.0197,110.91,12.36,2389,6028.64,0.2622,False,False,False,,
1a45d00d-63e4-4378-9902-1e662fe9712e,Vinod Rao,+919229399673,bangalore,blr_hsr,two_wheeler,2024-10-28,542,True,verified,True,True,False,True,True,upi,100,0.9495,0.0005,0.0036,0.1745,4.46,0.0406,116.4,13.49,876,3421.3,0.2409,False,False,False,,
5ba3ff58-b760-4210-abf8-0871a8396819,Vinod Shah,+916602291863,bangalore,blr_bannerghatta,mini_truck,2025-10-27,178,True,verified,True,True,False,True,True,upi,69,0.8609,0.0891,0.0503,0.5556,3.83,0.1552,579.86,18.82,494,24752.95,0.0543,False,False,False,,
5e701abb-80b7-41b6-930e-91b7b0cbc255,Senthil Pandey,+919665503906,bangalore,blr_bannerghatta,three_wheeler,2024-07-11,651,True,unverified,True,False,False,True,False,upi,73,0.9376,0.0124,0.0011,0.1854,4.56,0.0464,197.13,6.04,2590,11542.98,0.1353,False,False,True,,
9b672607-6daa-4ad9-90ac-e95a30bb47af,Mukesh Khan,+916786878577,bangalore,blr_whitefield,mini_truck,2024-01-16,828,True,verified,True,True,False,True,True,cash,93,0.9378,0.0122,0.0011,0.1964,4.68,0.0438,710.05,30.0,2596,25848.45,0.1021,False,False,False,,
78ed17d5-b146-46ef-a4c1-10775ba8f4c7,Raja Gupta,+918934132202,bangalore,blr_btm,three_wheeler,2022-02-17,1526,True,verified,True,True,True,True,True,upi,42,0.9401,0.0099,0.0001,0.2284,4.58,0.0759,234.96,9.09,5149,15633.53,0.0503,False,False,False,,
c623e901-f617-432b-8d70-1e1e53c6ab15,Mohammed Raju,+916424568057,bangalore,blr_marathahalli,two_wheeler,2023-09-16,950,True,verified,True,True,False,True,True,upi,80,0.7416,0.2084,0.0779,0.5756,2.48,0.3458,73.99,7.98,2167,4754.61,0.4543,False,False,False,,solo
7614feb4-0c14-4799-a1d8-3cb6ecc01d97,Mukesh Iyer,+918287322612,bangalore,blr_hebbal,mini_truck,2021-12-07,1598,True,verified,True,True,False,True,True,bank,82,0.8492,0.1008,0.0192,0.3031,3.08,0.1157,499.34,15.19,4496,20184.82,0.3371,False,False,False,,
03f62725-800e-48ac-bc6e-51a92189569b,Mohammed Mehta,+917372960739,bangalore,blr_indiranagar,truck_17ft,2022-07-26,1367,False,verified,True,True,False,True,True,cash,104,0.9421,0.0079,0.0015,0.1916,4.38,0.0659,3054.42,60.9,2772,63961.29,0.1095,False,False,False,,
1dd3f46c-a3fa-4599-affb-83e27374d1ac,Manish Raju,+919744462138,bangalore,blr_bannerghatta,mini_truck,2025-11-12,162,True,pending,False,False,False,True,True,upi,49,0.9451,0.0049,0.0051,0.2626,4.51,0.0515,480.68,16.79,362,17182.03,0.1594,False,False,True,,
72ab3abd-5910-4c8a-8138-132429ec413a,Manish Reddy,+919378301032,bangalore,blr_jayanagar,two_wheeler,2020-08-28,2064,True,pending,False,True,False,True,True,upi,28,0.9379,0.0121,0.0007,0.1443,4.34,0.0332,79.73,7.59,4411,3846.8,0.3381,False,False,False,,
ba843a20-f173-4d7e-be65-ec7bad3d3d4e,Kishan Ansari,+918677148362,bangalore,blr_hebbal,two_wheeler,2022-05-15,1439,True,verified,True,True,False,True,True,upi,93,0.9344,0.0156,0.0003,0.1446,3.97,0.0434,125.6,10.8,3749,7140.4,0.2018,False,False,False,,
900e20e0-9fc3-420a-b6ec-895214677927,Imran Gowda,+917339295916,bangalore,blr_hebbal,two_wheeler,2024-12-04,505,True,verified,True,True,False,True,True,upi,18,0.9087,0.0413,0.0023,0.1525,4.78,0.0047,43.61,1.93,1810,10324.85,0.0915,False,False,False,,
1c66e3ef-deeb-4ede-9f5c-c5541ef6a584,Anil Gupta,+916758756406,bangalore,blr_yeshwanthpur,two_wheeler,2021-09-30,1666,True,verified,True,True,False,True,True,upi,59,0.9397,0.0103,0.0063,0.2322,4.46,0.0115,122.34,12.52,1641,2107.51,0.2671,False,False,False,,
7b1ab1a1-eb66-4020-b33d-f880509f3e07,Ganesh Yadav,+919413965743,bangalore,blr_hebbal,truck_17ft,2021-10-10,1656,True,verified,True,True,False,True,True,bank,72,0.895,0.055,0.0022,0.276,4.43,0.0249,1785.56,51.21,1158,14132.1,0.0426,False,False,False,,
43bddad6-a906-4838-acf8-f76cd032c479,Nilesh Patel,+916439503160,bangalore,blr_whitefield,truck_17ft,2023-02-01,1177,True,verified,True,True,False,True,True,upi,53,0.772,0.178,0.0104,0.4231,4.0,0.0529,2414.46,74.52,4847,117036.75,0.1434,False,False,False,,
b81d7a11-6c0a-42be-a490-21674302b2c1,Babu Hegde,+917913079220,bangalore,blr_hebbal,two_wheeler,2025-07-24,273,True,verified,True,True,False,True,True,upi,78,0.898,0.052,0.0059,0.1959,4.3,0.0429,68.01,5.58,651,5041.16,0.2417,False,False,False,,
61d7cf25-807f-48fb-abd8-fd1b79316438,Vivek Kulkarni,+919671327368,bangalore,blr_electronic_city,three_wheeler,2022-01-30,1544,True,pending,True,True,True,False,True,cash,84,0.9449,0.0051,0.0039,0.1163,4.27,0.0727,266.91,18.06,3186,8319.71,0.1049,False,False,True,,
1e291f31-f3c0-431c-bc3e-0d968f0a3bcb,Krishan Ghosh,+916868444899,bangalore,blr_indiranagar,two_wheeler,2025-09-18,217,True,verified,True,True,False,True,True,bank,49,0.9381,0.0119,0.0007,0.1218,4.05,0.0505,109.44,10.67,595,6062.52,0.2348,False,False,False,,
3592cda5-377d-4a65-a6bb-69c581efb6ba,Selvam Singh,+916634574636,bangalore,blr_koramangala,truck_14ft,2021-09-30,1666,True,verified,True,True,False,True,True,bank,66,0.9341,0.0159,0.0038,0.2418,3.81,0.0256,1650.4,37.61,5745,73449.76,0.1337,False,False,False,,
cb8fc1f1-0855-428d-83d4-d56687e422b0,Dinesh Menon,+917160409090,bangalore,blr_bannerghatta,two_wheeler,2025-01-05,473,True,unverified,True,False,False,True,True,bank,50,0.9494,0.0006,0.0022,0.2177,4.49,0.0424,150.01,10.91,1172,6816.45,0.2485,False,False,True,,
36629943-e8eb-4d5d-bb56-8304c73458d7,Mohammed Murthy,+917318996342,bangalore,blr_electronic_city,three_wheeler,2026-03-20,34,True,verified,True,True,False,True,True,bank,74,0.9004,0.0496,0.001,0.2099,4.51,0.108,229.02,14.88,95,9763.52,0.2676,False,False,False,,
fafa8054-b8da-4de3-94d6-e65c30f210a8,Girish Tiwari,+916534849158,bangalore,blr_jayanagar,two_wheeler,2024-01-23,821,True,verified,True,True,False,True,True,upi,54,0.9448,0.0052,0.0043,0.0939,4.12,0.0594,70.73,7.69,2263,6378.68,0.1927,True,False,False,,
d0ea7a77-27ee-4477-a6b9-261074dea11f,Babu Siddiqui,+917206598648,bangalore,blr_hebbal,two_wheeler,2022-12-26,1214,True,verified,True,True,False,True,True,upi,35,0.9269,0.0231,0.0075,0.1591,4.15,0.1146,83.07,6.81,2693,5336.05,0.2113,False,False,False,,
db29642c-760c-467c-9075-753cb7c7513d,Imran Garg,+918730579566,bangalore,blr_indiranagar,two_wheeler,2021-01-08,1931,True,verified,True,True,False,True,True,upi,62,0.9464,0.0036,0.0039,0.1623,4.37,0.0266,82.39,6.19,6093,6342.95,0.2592,False,False,False,,
856e9b7a-b605-492b-ad34-ec1ec7dd6e81,Ritesh Nayak,+916185442285,bangalore,blr_bannerghatta,three_wheeler,2021-06-07,1781,True,verified,True,True,True,True,True,bank,74,0.9253,0.0247,0.0028,0.2135,4.4,0.0848,249.38,9.61,5275,12036.26,0.1663,False,False,False,,
26cb9193-19ee-4b4b-81a9-966cdaf56dab,Harish Jain,+916256047848,bangalore,blr_hebbal,two_wheeler,2025-11-18,156,True,pending,False,False,False,True,True,upi,55,0.9371,0.0129,0.0021,0.1091,4.04,0.0565,71.8,6.18,346,5960.45,0.1903,False,False,True,,
20d8ffea-4e0b-487d-9242-a920fb97e800,Girish Rao,+919198124736,bangalore,blr_hsr,two_wheeler,2026-03-09,45,True,verified,True,True,False,True,True,upi,59,0.9359,0.0141,0.0028,0.2419,4.91,0.0069,76.04,5.95,99,4815.58,0.3552,False,False,False,,
176095d1-d6ad-4f60-a5ae-83b32a078a3e,Sanjay Mukherjee,+916859214171,bangalore,blr_whitefield,two_wheeler,2025-08-29,237,True,verified,True,True,False,True,True,bank,79,0.8411,0.1089,0.0397,0.499,3.47,0.1193,86.71,8.48,431,3996.85,0.4715,False,False,False,,
2abbd543-4d04-4cb9-823c-094af4bf82f2,Girish Agarwal,+919883771619,bangalore,blr_marathahalli,two_wheeler,2024-11-06,533,True,pending,True,True,False,False,True,upi,83,0.9463,0.0037,0.009,0.0972,3.96,0.0292,60.73,5.69,1087,5038.34,0.2676,False,False,True,,
4050753c-e2ea-4b9b-99a2-c2f3f65f6b3b,Santosh Mishra,+917947381215,bangalore,blr_hsr,three_wheeler,2025-05-04,354,True,pending,True,True,False,False,True,bank,48,0.7581,0.1919,0.0257,0.3749,3.16,0.1347,231.04,7.94,862,8397.12,0.2614,False,False,True,,
7abc81f1-3b6b-4dbb-b680-c3fb72c38a18,Prakash Nair,+918496714285,bangalore,blr_indiranagar,two_wheeler,2024-09-22,578,True,pending,True,False,False,True,True,cash,76,0.9401,0.0099,0.0021,0.171,4.23,0.1192,66.65,7.13,1914,7627.38,0.271,False,False,True,,
7ff9cbf6-afda-4326-a5da-c9ecb67c1323,Manish Siddiqui,+916730370445,bangalore,blr_hsr,two_wheeler,2025-11-12,162,True,verified,True,True,False,True,True,upi,84,0.9458,0.0042,0.0008,0.0433,4.35,0.0603,69.47,3.88,440,5538.02,0.243,False,False,False,,
10007b56-31f0-4fb3-a8df-52ed97936f1b,Murugan Dubey,+918161305421,bangalore,blr_whitefield,two_wheeler,2021-03-09,1871,True,verified,True,True,True,True,True,upi,67,0.9428,0.0072,0.0024,0.127,4.19,0.0953,89.23,6.48,5059,4898.28,0.25,False,False,False,,
330c84a5-220f-4695-ac08-8f1ca51bf828,Lokesh Singh,+916833506026,bangalore,blr_marathahalli,three_wheeler,2022-12-09,1231,True,verified,True,True,False,True,True,upi,74,0.9303,0.0197,0.0039,0.2529,4.24,0.0233,193.55,7.99,3587,15236.67,0.0598,False,False,False,,
f78918a1-a796-4f0e-93d7-2352285d0a85,Naveen Das,+917106103071,bangalore,blr_yeshwanthpur,two_wheeler,2025-11-17,157,True,verified,True,True,False,True,True,upi,76,0.925,0.025,0.0046,0.2249,3.95,0.0286,71.88,5.96,236,3605.97,0.2069,False,False,False,,
683af281-c891-4731-88dd-5ba9fdb714d5,Thirumalai Joshi,+917857454410,bangalore,blr_btm,two_wheeler,2022-01-10,1564,True,verified,True,True,False,True,True,upi,55,0.9034,0.0466,0.0017,0.1807,4.52,0.0523,66.92,5.6,1909,2765.21,0.2881,False,False,False,,
4bdc8fd8-7c3c-44d2-97f0-f65fea5efc0e,Ritesh Swamy,+917623313528,bangalore,blr_hsr,two_wheeler,2025-08-12,254,True,pending,True,True,False,True,True,bank,94,0.9435,0.0065,0.0021,0.1973,4.24,0.0158,76.98,5.26,372,3466.54,0.3548,False,False,False,,
7bf18a99-4ba9-4a15-8a41-0a75a01c0d77,Girish Gupta,+917164162879,bangalore,blr_bannerghatta,mini_truck,2023-04-04,1115,True,verified,True,True,False,True,True,upi,95,0.6508,0.2992,0.0886,0.4035,3.8,0.2044,460.59,17.59,2161,17237.81,0.0705,False,False,False,,solo
b2713be4-05bd-4f92-ab39-8af76daf346d,Ajay Siddiqui,+918974568058,bangalore,blr_rajajinagar,two_wheeler,2022-11-16,1254,True,pending,True,True,False,False,False,bank,59,0.9309,0.0191,0.0063,0.1381,4.48,0.0327,107.9,7.38,4520,8350.8,0.0283,False,False,True,,
d0b99621-0a4d-4407-970f-af657d744274,Dinesh Sharma,+916442561536,bangalore,blr_koramangala,truck_14ft,2025-04-15,373,True,expired,True,True,False,True,False,upi,111,0.8325,0.1175,0.0474,0.3762,3.72,0.0572,1114.6,33.4,1423,59597.88,0.3136,False,False,False,,
7b2a8875-4a18-49bc-a795-678388fb08c4,Thirumalai Menon,+917703581013,bangalore,blr_koramangala,two_wheeler,2023-05-20,1069,True,verified,True,True,False,True,True,upi,50,0.9476,0.0024,0.0011,0.2078,4.01,0.0085,83.27,5.91,3672,5231.28,0.2256,False,False,False,,
933c7abb-dfe2-40dc-abf3-32aaca37f5f3,Ramesh Shetty,+917330559656,bangalore,blr_hsr,three_wheeler,2022-01-10,1564,True,verified,True,True,True,True,True,upi,58,0.7413,0.2087,0.0342,0.4556,3.64,0.1339,252.91,14.76,4249,10955.25,0.2826,False,False,False,,
4e9eec56-0af9-4052-8ce0-be66c010e1cd,Rajan Das,+916360613120,bangalore,blr_bannerghatta,two_wheeler,2025-05-09,349,True,verified,True,True,False,True,True,upi,109,0.8914,0.0586,0.0015,0.1902,4.29,0.0061,148.03,12.67,1104,7100.71,0.3285,False,False,False,,
f3f91c02-a59f-4372-a1e7-7205cb87aa7a,Paresh Khan,+916430249183,bangalore,blr_marathahalli,three_wheeler,2023-09-12,954,True,verified,True,True,False,True,True,upi,77,0.9108,0.0392,0.0,0.2542,4.41,0.0182,148.6,9.17,4012,18372.89,0.0789,False,False,False,,
d76e11d5-5a82-4094-8c60-78047675c87a,Krishan Menon,+917806312545,bangalore,blr_marathahalli,two_wheeler,2024-10-27,543,True,verified,True,True,True,True,True,bank,75,0.9493,0.0007,0.0016,0.245,4.79,0.0017,94.09,8.11,517,1861.67,0.2142,False,False,False,,
0aa212d0-ad6f-488a-9e14-8efc73bcafaf,Mahesh Iyer,+919951688917,bangalore,blr_whitefield,three_wheeler,2025-01-29,449,True,pending,True,True,False,True,False,upi,65,0.9272,0.0228,0.0003,0.1952,4.49,0.0638,210.26,12.66,1521,10787.09,0.1009,False,False,False,,
b08491cd-3b3b-4356-923c-7b81a6f245bf,Vivek Mishra,+916492123539,bangalore,blr_bannerghatta,three_wheeler,2021-12-12,1593,True,verified,True,True,True,True,True,upi,77,0.9488,0.0012,0.0024,0.1836,4.27,0.0826,235.81,12.28,3558,4360.71,0.2153,False,False,False,,
0c96ad2d-21ad-4075-b36c-480cfa84bde9,Murugan Naidu,+919586652405,bangalore,blr_indiranagar,two_wheeler,2020-05-19,2165,True,verified,True,True,False,True,True,cash,103,0.9148,0.0352,0.0045,0.1245,4.53,0.1105,42.65,1.0,8249,7463.81,0.2411,False,False,False,,
fed14c7d-6227-4364-8808-2de4d4ddb4c6,Rohan Yadav,+918306832716,bangalore,blr_yeshwanthpur,mini_truck,2025-09-20,215,True,verified,True,True,False,True,True,bank,103,0.948,0.002,0.0005,0.1661,4.54,0.0126,383.63,13.93,684,26357.71,0.0408,False,False,False,,
a14f4c36-db74-4d4b-9e8a-a7513083121a,Dinesh Swamy,+916572718956,bangalore,blr_hsr,mini_truck,2024-07-01,661,True,verified,True,True,False,True,True,upi,57,0.9479,0.0021,0.0005,0.1335,4.49,0.0275,200.0,4.18,1559,18953.3,0.0564,False,False,False,,
07ed8bc6-6c6a-469c-b516-6f65d6ffaa87,Senthil Dubey,+917804103722,bangalore,blr_yeshwanthpur,two_wheeler,2022-11-05,1265,True,verified,True,True,False,True,True,bank,70,0.92,0.03,0.0027,0.1578,4.11,0.0883,76.61,5.3,2454,4008.14,0.1755,False,False,False,,
d0183e46-e0e2-4022-85bc-8522f5278ab9,Rajesh Babu,+917254819363,bangalore,blr_rajajinagar,truck_17ft,2024-09-27,573,True,pending,False,True,False,False,True,upi,65,0.9367,0.0133,0.0011,0.1849,3.97,0.066,2156.2,36.07,614,34659.54,0.1262,False,False,True,,
e38ba168-fcba-4e1a-bdfa-323d403bfab1,Salman Babu,+917996355236,bangalore,blr_yeshwanthpur,three_wheeler,2021-07-04,1754,True,unverified,False,True,False,True,True,upi,78,0.9066,0.0434,0.0009,0.0797,4.54,0.0066,304.99,20.0,5459,17721.35,0.0678,False,False,False,,
72ea680c-bc06-4aab-b55c-b437a5dab2de,Venkatesh Mukherjee,+916283406767,bangalore,blr_jayanagar,mini_truck,2022-10-30,1271,True,verified,True,True,True,True,True,upi,83,0.9299,0.0201,0.0003,0.1831,4.04,0.0071,649.38,16.66,3574,20695.69,0.1385,False,False,False,,
0c3f7612-7224-4a36-b884-8b956405ad46,Ramesh Garg,+916303505896,bangalore,blr_bannerghatta,two_wheeler,2025-12-25,119,True,verified,True,True,False,True,True,upi,60,0.9227,0.0273,0.0041,0.2557,4.62,0.0124,132.98,12.92,318,6218.37,0.2554,False,False,False,,
5f828864-3b1f-43e2-b41d-fbf8d95f2f10,Venkatesh Dubey,+916815103206,bangalore,blr_hsr,three_wheeler,2021-07-23,1735,True,verified,True,True,False,True,True,bank,53,0.9419,0.0081,0.0002,0.0983,4.41,0.0711,145.8,10.42,7480,18543.67,0.0769,False,False,False,,
03a03440-6bd1-4971-b54e-6082c386a1df,Praveen Kumar,+916639475062,bangalore,blr_btm,truck_17ft,2025-08-16,250,True,verified,True,True,False,True,True,cash,76,0.9418,0.0082,0.0009,0.2393,4.49,0.0292,1907.37,31.74,101,10890.41,0.1301,False,False,False,,
c866e5fa-90fb-4bf1-9d57-4638bdbb3e66,Deepak Pandey,+918123568171,bangalore,blr_hsr,two_wheeler,2024-08-01,630,True,verified,True,True,False,True,True,bank,37,0.9174,0.0326,0.0002,0.1411,4.09,0.0471,138.36,12.78,1773,7271.18,0.2601,False,False,False,,
ba94ce36-2abf-45b7-806e-fd86c4620ab5,Ravi Babu,+916186754856,bangalore,blr_indiranagar,two_wheeler,2024-08-07,624,True,verified,True,True,False,True,True,upi,37,0.9286,0.0214,0.0013,0.234,4.37,0.1142,86.44,6.99,1724,4853.17,0.2085,False,False,False,,
472de72b-8a7b-4142-b9a9-1be0b2fd934f,Ritesh Raju,+917257091480,bangalore,blr_indiranagar,truck_17ft,2021-12-25,1580,True,verified,True,True,False,True,True,upi,80,0.9425,0.0075,0.0022,0.1684,4.07,0.0126,2728.46,42.28,2303,38409.27,0.0928,False,False,False,,
70c97fa6-6dac-4be8-acff-f86452674e2d,Raja Menon,+916631876824,bangalore,blr_electronic_city,mini_truck,2024-11-07,532,True,verified,True,True,False,True,True,upi,69,0.5054,0.4446,0.0811,0.5006,2.6,0.15,398.77,14.24,1197,19371.11,0.3474,False,False,False,,solo
7537800d-22c5-451c-8dca-fb37c8c7dbba,Murugan Das,+918360173399,bangalore,blr_marathahalli,two_wheeler,2021-10-25,1641,True,pending,True,True,False,False,True,upi,63,0.9,0.05,0.013,0.2366,4.85,0.1081,125.63,14.18,3826,4757.17,0.3143,True,False,True,,
3be3cb5d-5284-44b7-9cb0-da1f547dbffb,Praveen Pandey,+917132387475,bangalore,blr_yeshwanthpur,three_wheeler,2025-05-20,338,True,verified,True,True,False,True,True,cash,85,0.9302,0.0198,0.0022,0.1829,4.5,0.0175,140.97,6.88,1126,14166.18,0.1428,False,False,False,,
e50211c2-ebf2-45f9-a3e5-c821a6e3adb2,Kishan Chatterjee,+916571665139,bangalore,blr_bannerghatta,two_wheeler,2024-01-10,834,True,pending,True,True,False,False,False,upi,55,0.9225,0.0275,0.0006,0.1236,4.09,0.0706,90.38,7.31,2458,6932.82,0.1961,False,False,True,,
6e9def5e-6080-4175-8e92-23cdee3930ea,Mohammed Gowda,+916959929287,bangalore,blr_rajajinagar,two_wheeler,2024-12-13,496,True,pending,True,False,False,True,True,cash,81,0.8944,0.0556,0.0019,0.2507,4.67,0.0919,141.57,12.2,1209,7075.44,0.2303,False,False,True,,
ce5bba85-3314-4715-a519-fe2da0cd033d,Ramesh Reddy,+917207069895,bangalore,blr_hebbal,mini_truck,2023-09-05,961,True,verified,True,True,False,True,True,bank,79,0.948,0.002,0.001,0.1372,4.81,0.119,449.22,16.18,2123,16420.31,0.1683,False,False,False,,
d4e87e88-7a17-44b6-be11-a0305837c9e0,Manoj Agarwal,+919202708020,bangalore,blr_bannerghatta,truck_17ft,2024-12-12,497,False,verified,True,True,True,True,True,upi,73,0.948,0.002,0.0006,0.0761,3.77,0.0221,1622.88,37.29,1089,65571.35,0.3132,False,False,False,,
3e4685f3-0e79-462a-aa38-56461933ea8e,Kishan Joshi,+919545608816,bangalore,blr_btm,three_wheeler,2021-04-28,1821,True,verified,True,True,True,True,True,bank,46,0.9306,0.0194,0.0023,0.2167,4.1,0.0311,251.89,11.81,4566,14939.48,0.1222,False,False,False,,
cc208cf0-b873-4ac9-89e1-25dde02665c6,Anil Hegde,+919299253090,bangalore,blr_yeshwanthpur,mini_truck,2024-11-30,509,True,verified,True,True,False,True,True,upi,57,0.9311,0.0189,0.0003,0.2419,4.91,0.0258,698.39,28.47,931,13853.14,0.0012,False,False,False,,
b616808f-4471-4882-881f-4b58fb81073e,Rajesh Siddiqui,+919813605896,bangalore,blr_hebbal,mini_truck,2021-05-28,1791,True,pending,True,False,True,True,True,bank,94,0.9327,0.0173,0.0044,0.1419,4.58,0.0549,489.05,16.91,5478,27527.92,0.1692,False,False,True,,
d0159d50-607c-4a25-9388-711507e103d9,Paresh Gupta,+917781807342,bangalore,blr_whitefield,mini_truck,2021-07-30,1728,True,verified,True,True,False,True,True,upi,68,0.9447,0.0053,0.0074,0.2268,3.93,0.0737,424.89,12.65,5305,21572.2,0.1742,False,False,False,,
cf7d796c-ed3c-4234-aaca-ebc63a248a2b,Mahesh Kulkarni,+919447711791,bangalore,blr_marathahalli,mini_truck,2024-12-10,499,True,pending,True,True,False,True,True,upi,76,0.9491,0.0009,0.0051,0.1462,4.18,0.0414,517.41,21.02,1515,30183.56,0.1177,True,False,False,,
d017ee0d-8527-40af-bfcb-1958a0ac6acb,Venkatesh Das,+917500429693,bangalore,blr_marathahalli,two_wheeler,2026-02-24,58,True,verified,True,True,False,True,True,bank,56,0.8845,0.0655,0.0004,0.1812,4.0,0.0309,62.74,5.49,122,4101.79,0.46,False,False,False,,
7ca6a8ce-a5e3-48d1-be07-10e8856c9372,Kiran Verma,+919814514532,bangalore,blr_electronic_city,two_wheeler,2025-08-29,237,True,verified,True,True,False,True,True,upi,66,0.8998,0.0502,0.0008,0.2067,4.43,0.1192,38.26,1.0,388,4043.56,0.3481,False,False,False,,
6225c318-e1e7-4d4d-9fcf-61560cc7e64c,Selvam Pillai,+918638083053,bangalore,blr_electronic_city,two_wheeler,2024-09-25,575,True,pending,True,True,False,True,True,upi,54,0.9078,0.0422,0.0022,0.1303,4.23,0.0895,139.64,15.0,2359,12023.65,0.1734,True,False,False,,
b8a45cd6-82e4-4462-aa60-a0aa85c09b74,Mohan Murthy,+916593512477,bangalore,blr_btm,two_wheeler,2024-05-14,709,True,verified,True,True,False,True,True,cash,59,0.9478,0.0022,0.0027,0.1374,4.75,0.0178,149.0,11.68,2334,7543.85,0.3911,False,False,False,,
14bf44e7-733a-4f5d-8984-b2e7b5661c24,Umesh Mukherjee,+916875422823,bangalore,blr_yeshwanthpur,three_wheeler,2022-10-10,1291,True,pending,True,True,True,False,False,cash,77,0.8955,0.0545,0.0002,0.2575,4.08,0.0151,273.49,14.33,3852,13962.58,0.1844,False,False,True,,
e15a1071-6e75-4ef5-8d81-31e023de1ebc,Naresh Jain,+916860093581,bangalore,blr_bannerghatta,three_wheeler,2024-09-02,598,True,pending,True,True,False,True,False,bank,114,0.9485,0.0015,0.0019,0.2088,4.72,0.0396,297.7,12.02,1079,6328.55,0.2681,False,False,False,,
62b509ae-0fb1-4ab4-9d72-2c2ec775f8f7,Vinod Mishra,+919609565508,bangalore,blr_bannerghatta,mini_truck,2020-11-12,1988,True,verified,True,True,True,True,True,upi,102,0.911,0.039,0.0104,0.2283,4.01,0.0446,520.11,15.66,3798,13416.28,0.0594,False,False,False,,
0933dfae-cefc-47b2-b9a2-170216f87595,Ibrahim Reddy,+918432071619,bangalore,blr_indiranagar,truck_14ft,2022-11-11,1259,True,pending,False,True,False,True,True,upi,94,0.7579,0.1921,0.05,0.6708,3.27,0.4526,1383.89,39.57,2928,53909.43,0.2343,False,False,False,,
8b4cd01a-2d64-4da6-8df9-bae4bcc43ae6,Dinesh Mehta,+916556140803,bangalore,blr_bannerghatta,truck_17ft,2022-10-03,1298,True,verified,True,True,False,True,True,upi,39,0.9355,0.0145,0.0001,0.1658,4.72,0.102,1325.56,15.33,3351,59058.89,0.1133,False,False,False,,
3ff3ca07-42c9-48df-82e0-37693fc1e700,Krishan Shaikh,+918691062876,bangalore,blr_marathahalli,truck_17ft,2025-08-05,261,True,verified,True,True,False,True,True,bank,68,0.9425,0.0075,0.0005,0.2123,4.48,0.0106,1923.36,32.32,990,120645.44,0.1269,False,False,False,,
4018a379-ebd0-498c-88f7-0579be971109,Prakash Mukherjee,+916198138942,bangalore,blr_hsr,two_wheeler,2022-08-03,1359,True,expired,True,True,False,False,True,upi,110,0.8846,0.0654,0.0352,0.2339,2.85,0.1842,107.28,9.62,5784,11014.57,0.241,False,False,True,,
7c7d2361-ea50-401e-8d6b-a253c1379af7,Shivakumar Bansal,+916983189884,bangalore,blr_koramangala,truck_17ft,2026-01-30,83,True,unverified,True,True,False,True,False,bank,12,0.9406,0.0094,0.0008,0.085,4.71,0.043,1743.23,29.16,198,89085.59,0.3495,False,False,False,,
a3cb854b-14f3-4feb-af59-390f8d49d663,Umesh Tiwari,+917683653712,bangalore,blr_hsr,three_wheeler,2023-01-04,1205,True,unverified,False,False,False,False,True,bank,69,0.6984,0.2516,0.1113,0.4811,2.8,0.2948,131.27,4.52,3636,14557.79,0.3629,False,False,True,,solo
56ec83ab-12ba-4dbd-8b6d-367bf24dd795,Ravi Ghosh,+919654536246,bangalore,blr_hsr,truck_14ft,2024-12-10,499,True,verified,True,True,False,True,True,bank,53,0.9391,0.0109,0.0029,0.1254,4.36,0.1095,1483.66,38.44,1492,60590.68,0.1508,False,False,False,,
9c9b0948-9b6b-4057-ba5b-7348d0b8b884,Thirumalai Pandey,+917520201455,bangalore,blr_jayanagar,mini_truck,2020-12-28,1942,True,verified,True,True,False,True,True,upi,79,0.9236,0.0264,0.0003,0.2123,3.86,0.0209,325.67,13.44,5565,14800.95,0.0998,False,False,False,,
18b3b057-d112-425d-ab11-5571d35b5962,Kiran Joshi,+919555044832,bangalore,blr_btm,two_wheeler,2020-12-24,1946,True,pending,True,True,False,False,False,bank,65,0.9446,0.0054,0.0045,0.1897,4.41,0.0046,81.49,7.72,7549,7043.66,0.2554,False,False,True,,
f606c596-5213-457b-a1a9-814c831dc2ab,Satish Garg,+919956729397,bangalore,blr_koramangala,mini_truck,2020-08-06,2086,True,expired,True,False,False,True,True,cash,87,0.9476,0.0024,0.0066,0.143,4.64,0.064,759.55,22.04,5588,26482.17,0.1369,False,False,True,,
ef2a7c71-7729-4429-8318-2ea83f21e029,Umesh Patil,+919721489164,bangalore,blr_indiranagar,two_wheeler,2020-06-30,2123,True,verified,True,True,False,True,True,upi,93,0.9007,0.0493,0.006,0.1461,4.3,0.0421,135.34,9.85,3411,4223.3,0.2409,False,False,False,,
e70680fe-7b15-434d-ac33-197dbb095c11,Abdul Khan,+917290133128,bangalore,blr_yeshwanthpur,three_wheeler,2024-03-02,782,True,verified,True,True,False,True,True,cash,105,0.9189,0.0311,0.001,0.0703,4.47,0.0543,328.66,17.52,1152,6187.43,0.245,False,False,False,,
762ee550-1f83-4e04-ab92-ab51011b9b7c,Mohammed Das,+918312273432,bangalore,blr_btm,two_wheeler,2025-01-16,462,True,verified,True,True,False,True,True,upi,52,0.9333,0.0167,0.0014,0.1769,4.61,0.0378,55.88,2.18,1325,6547.22,0.267,False,False,False,,
95067b37-0f75-4c9f-8129-2cad3e0e50b4,Mani Shah,+919979127307,bangalore,blr_marathahalli,three_wheeler,2021-10-11,1655,True,verified,True,True,False,True,True,bank,99,0.9242,0.0258,0.0002,0.0804,3.99,0.0461,212.86,10.43,3538,9858.55,0.1898,False,False,False,,
25483548-2879-4d23-9b63-37eb66aa3274,Karthi Gowda,+918364819737,bangalore,blr_jayanagar,two_wheeler,2026-01-02,111,True,verified,True,True,False,True,True,cash,69,0.9484,0.0016,0.0094,0.2014,4.81,0.0554,89.87,7.25,63,1332.18,0.2572,False,False,False,,
c30186dd-92fb-4f35-960b-49c0d8777999,Ashok Rao,+919759512817,bangalore,blr_bannerghatta,mini_truck,2025-01-01,477,True,verified,True,True,False,True,True,cash,73,0.9332,0.0168,0.0011,0.1056,3.54,0.0721,649.3,23.16,1310,23593.58,0.2507,False,False,False,,
3495df12-d720-4903-82c4-22805aef83a4,Ravi Ghosh,+919684732897,bangalore,blr_marathahalli,two_wheeler,2025-12-05,139,True,verified,True,True,False,True,True,upi,37,0.9354,0.0146,0.0026,0.1264,4.47,0.0876,139.9,15.0,252,3374.46,0.2152,False,False,False,,
45351cae-b46c-48fc-80b0-198e786f4fc1,Senthil Rao,+919790905453,bangalore,blr_whitefield,two_wheeler,2024-04-02,751,True,verified,True,True,False,True,True,upi,71,0.9432,0.0068,0.0101,0.1624,4.1,0.0502,93.24,7.51,1625,4882.2,0.3024,False,False,False,,
b9c30c33-5533-4778-9dcc-e7e08e886d28,Selvam Pillai,+917330738770,bangalore,blr_btm,mini_truck,2020-09-26,2035,True,verified,True,True,True,True,True,upi,68,0.941,0.009,0.0012,0.2247,4.56,0.0074,440.37,14.45,4364,16103.14,0.1013,False,False,False,,
07943610-282b-4ab5-9345-90f12e47da40,Salman Yadav,+916424262185,bangalore,blr_bannerghatta,two_wheeler,2021-01-10,1929,True,verified,True,True,False,True,True,upi,64,0.7623,0.1877,0.0456,0.4756,3.86,0.0911,79.3,6.41,6011,5115.73,0.2159,False,False,False,,
b350e8d0-be32-499f-b4da-d6301ffbbc41,Prakash Siddiqui,+916952265879,bangalore,blr_yeshwanthpur,two_wheeler,2023-09-21,945,True,pending,True,True,True,True,True,bank,59,0.8414,0.1086,0.01,0.3507,3.17,0.0788,106.92,12.06,1797,3110.27,0.5436,False,False,False,,
7a2de3b4-23b1-4f09-9709-6767d5212770,Ramesh Babu,+918938533266,bangalore,blr_koramangala,two_wheeler,2026-01-06,107,True,verified,True,True,False,True,True,upi,66,0.949,0.001,0.0005,0.065,3.7,0.0271,94.76,6.86,329,6344.09,0.4638,False,False,False,,
2ab3c948-bc39-4031-950b-b67e5b826fb7,Vijay Iyer,+916892844057,bangalore,blr_koramangala,two_wheeler,2023-06-03,1055,False,verified,True,True,False,True,True,upi,48,0.9148,0.0352,0.001,0.2006,4.63,0.019,137.24,10.37,3725,8742.83,0.0682,False,False,False,,
0a79591a-2397-406c-a493-9c04df3e63ea,Girish Patil,+917484466697,bangalore,blr_indiranagar,two_wheeler,2023-12-03,872,True,verified,True,True,False,True,True,upi,93,0.9417,0.0083,0.0015,0.1488,4.23,0.0176,81.88,6.44,1849,5125.41,0.2291,False,False,False,,
69bea7e2-971a-48fd-9109-633a6c29eef8,Raja Joshi,+916434900983,bangalore,blr_bannerghatta,mini_truck,2021-10-13,1653,True,verified,True,True,False,True,True,upi,96,0.937,0.013,0.0038,0.1342,4.49,0.0341,496.16,26.28,3932,17649.4,0.153,False,False,False,,
373e2e52-eec7-4616-ad70-b58e2b9cdcd3,Ganesh Sharma,+917833824527,bangalore,blr_whitefield,three_wheeler,2024-09-17,583,True,verified,True,True,False,True,True,bank,79,0.6653,0.2847,0.0526,0.6277,3.17,0.2605,191.79,14.16,2251,21695.55,0.3403,False,False,False,,solo
c8572fbd-1783-4c42-904a-e4fc8f60575f,Rajesh Bhat,+919330475171,bangalore,blr_hsr,two_wheeler,2021-07-13,1745,True,verified,True,True,False,True,True,bank,97,0.9443,0.0057,0.0054,0.1462,4.05,0.0335,93.93,6.37,7202,9324.16,0.0535,False,False,False,,
db1fba27-bf40-46eb-97e4-2d54b51cf6af,Basavaraj Shukla,+919459943143,bangalore,blr_yeshwanthpur,two_wheeler,2025-11-25,149,True,verified,True,True,False,True,True,upi,83,0.9356,0.0144,0.0018,0.1681,4.18,0.0424,94.18,8.84,376,5453.27,0.2279,False,False,False,,
5c39b721-e740-40f6-8ffa-fd148df32ffc,Umesh Rao,+919368427660,bangalore,blr_jayanagar,three_wheeler,2020-05-12,2172,True,pending,True,True,False,True,True,upi,115,0.9467,0.0033,0.0029,0.079,4.09,0.0345,153.62,9.3,5022,9998.34,0.1305,False,False,False,,
fc50b441-9cd6-491f-8d97-bff7869ad2af,Imran Swamy,+919850456692,bangalore,blr_bannerghatta,mini_truck,2025-11-15,159,True,verified,True,True,False,True,True,bank,40,0.9395,0.0105,0.0157,0.1819,4.19,0.012,534.68,16.21,371,19599.17,0.0647,False,False,False,,
d2b963f4-ed4e-44d8-97e2-15b5ce6e0ccd,Lokesh Bansal,+917257020096,bangalore,blr_yeshwanthpur,truck_14ft,2020-12-04,1966,True,unverified,False,True,True,True,True,bank,67,0.9359,0.0141,0.0032,0.1834,4.36,0.0355,1218.49,21.47,5211,53539.81,0.0915,False,False,False,,
c48b7ac5-30ba-46fa-a9ee-0ec398a5a071,Kiran Hegde,+919988672890,bangalore,blr_hebbal,mini_truck,2024-07-08,654,True,pending,True,True,False,False,True,upi,64,0.9429,0.0071,0.0003,0.1664,3.75,0.0068,379.89,19.3,1339,17796.94,0.273,False,False,True,,
4e944b98-2140-4dd2-b43f-a8d8c8e90edf,Rajesh Mishra,+919703435434,bangalore,blr_marathahalli,three_wheeler,2020-06-11,2142,True,verified,True,True,True,True,True,bank,54,0.9486,0.0014,0.0012,0.1854,4.25,0.0278,246.62,17.85,8423,19795.01,0.1343,False,False,False,,
d9a51ed4-97d2-42ee-9c5c-08b68ab00f8a,Ashok Dubey,+919584911993,bangalore,blr_whitefield,two_wheeler,2020-07-14,2109,True,verified,True,True,True,True,True,upi,85,0.9389,0.0111,0.0001,0.2048,4.18,0.0107,98.64,10.08,3863,3091.95,0.2411,False,False,False,,
e75568ae-d889-4778-81d5-505bfc33bd16,Salman Naidu,+916798874264,bangalore,blr_rajajinagar,two_wheeler,2020-10-29,2002,True,unverified,True,True,True,False,True,upi,102,0.9241,0.0259,0.0004,0.1933,4.23,0.0495,137.01,10.95,2080,1999.46,0.3708,False,False,True,,
95d17680-d388-4913-bcef-9b7986f6c2bb,Rajesh Shah,+916349138641,bangalore,blr_electronic_city,two_wheeler,2022-11-24,1246,False,pending,True,False,True,True,True,upi,78,0.9053,0.0447,0.0007,0.2303,4.57,0.1197,108.22,12.67,1366,3051.21,0.2345,False,False,True,,
4f7e113a-9d74-405e-9d1b-a8d686149046,Girish Hegde,+918234000022,bangalore,blr_btm,three_wheeler,2025-09-20,215,True,verified,True,True,False,True,True,upi,43,0.9439,0.0061,0.0015,0.298,3.9,0.0295,256.43,12.83,591,12389.25,0.1027,False,False,False,,
ce3d080c-d504-428f-be99-94a04ba96db6,Imran Menon,+918966113160,bangalore,blr_btm,two_wheeler,2023-03-06,1144,True,unverified,True,True,False,True,True,upi,70,0.9291,0.0209,0.0017,0.1797,4.44,0.0061,82.11,8.86,2025,3949.21,0.2616,False,False,False,,
4ecd3817-35a2-4a74-8989-157b0faf92d1,Praveen Patil,+917524887448,bangalore,blr_rajajinagar,mini_truck,2023-10-31,905,True,verified,True,True,True,True,True,bank,56,0.9444,0.0056,0.0049,0.2308,4.13,0.061,535.63,16.64,2132,20109.11,0.029,False,False,False,,
b1a9a5e5-5c26-4d9d-b1c2-a8121f5c945b,Kumar Pandey,+916947691116,bangalore,blr_marathahalli,three_wheeler,2021-03-25,1855,False,expired,True,True,True,False,True,upi,73,0.9082,0.0418,0.0002,0.1695,3.97,0.051,308.62,15.51,3861,7520.84,0.2327,False,False,True,,
c6ea9d98-3ee4-478f-a555-80720604fe9d,Rajesh Bhat,+919233152002,bangalore,blr_whitefield,two_wheeler,2023-07-02,1026,True,verified,True,True,False,True,True,upi,72,0.7456,0.2044,0.0279,0.553,3.94,0.0925,39.36,1.39,3094,5726.49,0.2716,False,False,False,,
b27fde13-df0a-4ac9-9219-1e0d0d45a98f,Mukesh Swamy,+918247861122,bangalore,blr_electronic_city,two_wheeler,2024-06-27,665,True,pending,True,True,False,True,True,bank,112,0.8916,0.0584,0.0019,0.2126,4.2,0.1022,97.36,11.26,827,2869.12,0.2342,False,False,False,,
3e256471-97e9-4ace-8db8-828ae666353e,Praveen Tiwari,+916541739147,bangalore,blr_marathahalli,two_wheeler,2025-10-27,178,True,verified,True,True,False,True,True,cash,74,0.9349,0.0151,0.0006,0.072,4.24,0.0434,80.44,7.63,196,2604.15,0.197,False,False,False,,
a55f013f-41d1-4b79-a1e3-b4390872477a,Rajan Tiwari,+918930541307,bangalore,blr_jayanagar,three_wheeler,2022-07-28,1365,True,verified,True,True,False,True,True,bank,92,0.9421,0.0079,0.0017,0.1899,4.15,0.0047,124.06,7.41,2651,6278.81,0.2124,False,False,False,,
d5bd7ffd-b77d-486b-8145-d1530100faa7,Thirumalai Mehta,+916200904019,bangalore,blr_electronic_city,three_wheeler,2022-03-12,1503,True,verified,True,True,False,True,True,upi,56,0.6445,0.3055,0.0295,0.4196,3.73,0.0668,236.27,13.73,1649,5198.3,0.3808,False,False,False,,
658f4a0c-8b4e-4f38-895e-be9aa5c7a73c,Ajay Shah,+919123939146,bangalore,blr_whitefield,two_wheeler,2023-12-27,848,True,verified,True,True,True,True,True,bank,52,0.9281,0.0219,0.0051,0.0605,4.67,0.0174,141.35,14.11,1672,3741.22,0.3254,False,False,False,,
d8a34a52-afeb-4c0c-8a8f-7d7e670b4051,Sunil Yadav,+918891165837,bangalore,blr_marathahalli,three_wheeler,2021-02-20,1888,True,verified,True,True,False,True,True,cash,59,0.8905,0.0595,0.0023,0.2265,4.25,0.0833,162.54,9.49,3997,8731.5,0.1288,False,False,False,,
63bf3486-92ae-43ab-b126-36d61a88ca45,Basavaraj Menon,+918367849679,bangalore,blr_indiranagar,two_wheeler,2021-01-17,1922,True,verified,True,True,False,True,True,upi,110,0.9036,0.0464,0.0004,0.0891,4.29,0.0237,150.36,11.85,2961,3040.94,0.3162,False,False,False,,
e9819a11-4b72-43e2-884a-802853ed95e7,Rajan Singh,+918385993805,bangalore,blr_hsr,mini_truck,2023-10-26,910,True,verified,True,True,False,True,True,upi,56,0.9419,0.0081,0.0023,0.1588,4.12,0.0493,676.18,29.71,2970,27812.54,0.0875,False,False,False,,
9cb8962c-378b-4339-949d-134dae6cf372,Dinesh Iyer,+918190156850,bangalore,blr_btm,two_wheeler,2026-02-24,58,True,verified,True,True,False,True,True,cash,60,0.9253,0.0247,0.0025,0.2131,4.84,0.0548,156.92,12.71,75,2874.04,0.4109,False,False,False,,
df7a45ee-9106-446a-9b27-916f536ba4f3,Praveen Shaikh,+919132798290,bangalore,blr_indiranagar,truck_14ft,2023-05-09,1080,True,pending,True,True,False,True,True,upi,105,0.8856,0.0644,0.0044,0.1809,4.51,0.0483,1578.46,44.53,1690,30666.83,0.0791,True,False,False,,
ccc0f29f-313d-4491-b1dc-f3f26faf6beb,Selvam Mishra,+916960963937,bangalore,blr_koramangala,three_wheeler,2025-11-21,153,True,verified,True,True,False,True,True,upi,101,0.9239,0.0261,0.0005,0.1078,4.3,0.0404,221.91,9.9,307,8563.03,0.1161,False,False,False,,
9c59c46a-42a0-46b5-82cb-28bd96dc9f57,Babu Verma,+916148558740,bangalore,blr_hsr,two_wheeler,2024-09-26,574,True,verified,True,True,False,True,True,upi,74,0.9347,0.0153,0.0034,0.2134,4.23,0.0605,68.17,8.94,989,3307.84,0.2557,False,False,False,,
80feef57-5c4c-4a98-acb4-8d1e62958853,Mohammed Khan,+916500632246,bangalore,blr_hsr,three_wheeler,2021-08-14,1713,True,pending,True,True,False,True,False,upi,78,0.9292,0.0208,0.0059,0.2858,4.28,0.008,144.37,5.13,5175,15370.64,0.1522,False,False,False,,
4d7fc26f-505e-4edf-a5d3-d2c7f51f772f,Rajan Naidu,+918844765019,bangalore,blr_marathahalli,two_wheeler,2026-01-21,92,True,unverified,True,True,False,True,True,upi,65,0.9307,0.0193,0.0008,0.1586,4.12,0.0542,89.75,6.2,249,6450.31,0.2453,False,False,False,,
33f6ac92-ba23-42aa-b6be-62e518912f0b,Kishan Joshi,+919849278935,bangalore,blr_electronic_city,mini_truck,2021-10-14,1652,True,pending,True,True,False,True,True,bank,78,0.9472,0.0028,0.0066,0.1583,4.74,0.0147,287.63,9.16,4631,25973.86,0.1438,False,False,False,,
ab3cacd2-b1a8-4baa-b901-889bcd98056a,Manish Agarwal,+918405845247,bangalore,blr_indiranagar,truck_14ft,2024-09-30,570,True,verified,True,True,False,True,True,bank,84,0.9249,0.0251,0.0034,0.2198,4.65,0.0355,1255.49,26.97,1741,51765.8,0.0326,False,False,False,,
4746fb89-9738-4fb4-8861-46d54c576358,Pavan Hegde,+917748432382,bangalore,blr_yeshwanthpur,truck_17ft,2022-08-17,1345,True,verified,True,True,True,True,True,bank,75,0.9339,0.0161,0.0058,0.2375,4.37,0.0216,1684.91,25.28,1473,31703.85,0.1589,False,False,False,,
63c97ce8-c4b0-42c4-8dfc-61ff5d0ce7b3,Arjun Das,+918883359286,bangalore,blr_koramangala,two_wheeler,2024-01-17,827,True,verified,True,True,False,True,True,upi,73,0.9418,0.0082,0.0006,0.245,4.39,0.0429,71.98,4.46,1692,4511.55,0.2089,False,False,False,,
513c47c4-ee21-4b4a-93fb-53c7f45b628b,Kumar Menon,+919869259807,bangalore,blr_hsr,two_wheeler,2024-07-27,635,True,verified,True,True,True,True,True,upi,91,0.9093,0.0407,0.0044,0.1952,4.49,0.0707,89.79,6.77,1500,5757.45,0.2573,False,False,False,,
c3452ea9-f7e8-40f4-978b-4a1a8d877b6e,Basavaraj Patil,+919456434944,bangalore,blr_electronic_city,three_wheeler,2024-12-02,507,True,verified,True,True,False,True,True,upi,89,0.9376,0.0124,0.0073,0.229,4.58,0.0041,116.78,3.21,1253,11170.11,0.0017,False,False,False,,
612b7cb6-3717-4099-82b4-2bf8d639b3a2,Rakesh Raju,+916464729122,bangalore,blr_hsr,mini_truck,2020-08-16,2076,True,verified,True,True,True,True,True,upi,75,0.9244,0.0256,0.0068,0.1222,4.67,0.0649,386.56,11.84,4600,17282.38,0.0,False,False,False,,
504257ee-dd7a-45de-a5fd-c29445344018,Kishan Garg,+917345786234,bangalore,blr_indiranagar,two_wheeler,2024-08-28,603,True,verified,True,True,False,True,True,upi,45,0.9045,0.0455,0.0023,0.1608,3.95,0.0312,87.68,6.28,2061,6632.11,0.3475,False,False,False,,
908b198e-5802-4101-92f6-50c7687ff171,Manish Rao,+919801098954,bangalore,blr_marathahalli,three_wheeler,2022-06-18,1405,True,verified,True,True,False,True,True,upi,74,0.9326,0.0174,0.0026,0.1188,4.57,0.0275,149.97,7.31,3293,10302.8,0.0938,False,False,False,,
665f34d4-b165-45cb-9e09-111893bf984c,Rajan Agarwal,+918285028570,bangalore,blr_hsr,truck_14ft,2021-10-07,1659,True,verified,True,True,True,True,True,upi,106,0.9353,0.0147,0.0,0.1822,4.38,0.0299,1145.79,15.13,3658,50284.59,0.1206,False,False,False,,
69c60943-8863-43e0-9348-ab220203fcf3,Shivakumar Naidu,+917507193501,bangalore,blr_btm,two_wheeler,2025-10-16,189,True,verified,True,True,False,True,True,cash,67,0.9483,0.0017,0.0009,0.2076,4.43,0.0089,109.97,12.03,541,5357.27,0.2723,False,False,False,,
ffefc02a-0898-4db4-bfc3-915ac6344492,Vijay Tiwari,+919452873545,bangalore,blr_jayanagar,three_wheeler,2022-04-20,1464,True,verified,True,True,False,True,True,upi,90,0.9244,0.0256,0.0034,0.1882,4.37,0.022,298.09,16.11,2849,7748.59,0.2442,False,False,False,,
2f6eb80e-b1ee-49d3-9981-4aa5e3e11be9,Mohan Reddy,+916305950139,bangalore,blr_hsr,three_wheeler,2025-11-12,162,True,unverified,True,True,False,True,True,cash,51,0.923,0.027,0.0005,0.2392,4.46,0.0074,319.69,20.0,151,2911.52,0.2565,False,False,False,,
d1570e53-b0b1-4ec0-aeb6-8ab45eb429d4,Ganesh Yadav,+917262651535,bangalore,blr_indiranagar,two_wheeler,2024-04-23,730,True,verified,True,True,False,True,True,cash,61,0.7741,0.1759,0.0402,0.3166,3.22,0.0727,110.18,11.16,593,1890.52,0.422,False,False,False,,
aa0260a1-6081-44be-8038-e6e47454f38c,Kiran Shukla,+917880599474,bangalore,blr_koramangala,two_wheeler,2023-12-18,857,True,verified,True,True,False,True,True,bank,104,0.9432,0.0068,0.0001,0.2849,4.32,0.0023,137.75,11.36,1993,6044.27,0.2984,False,False,False,,
81f73d0b-e911-47b9-bf60-a4f087188f80,Venkatesh Verma,+918828468259,bangalore,blr_koramangala,truck_14ft,2022-11-29,1241,True,verified,True,True,False,True,True,bank,65,0.9313,0.0187,0.0034,0.1149,4.53,0.0813,1164.24,46.8,2741,46891.36,0.1212,False,False,False,,
c7bd0b00-dbbc-4259-bc77-45a83f394736,Sunil Kumar,+916890450290,bangalore,blr_yeshwanthpur,truck_17ft,2022-04-25,1459,True,unverified,True,True,False,True,True,bank,72,0.921,0.029,0.0067,0.2135,3.88,0.0126,2049.54,29.63,4498,66145.93,0.0642,False,False,False,,
d7caaff8-ae7b-4d44-8da6-de23e317a0a9,Abdul Kulkarni,+918704972083,bangalore,blr_whitefield,mini_truck,2024-12-05,504,True,verified,True,True,False,True,True,bank,48,0.9478,0.0022,0.0018,0.1018,3.98,0.0544,647.29,27.61,1272,20898.96,0.0524,False,False,False,,
b127ae81-c2d8-4eb9-bbdb-70e3558f4e5d,Deepak Joshi,+916467803255,bangalore,blr_hebbal,two_wheeler,2022-05-01,1453,True,verified,True,True,False,True,True,upi,76,0.9279,0.0221,0.0014,0.1036,4.59,0.0326,130.66,11.09,3973,5991.97,0.2133,False,False,False,,
af37d95c-4f86-46e4-b683-1de84f8721b3,Satish Pandey,+918763526204,bangalore,blr_marathahalli,mini_truck,2026-02-16,66,True,verified,True,True,False,True,True,upi,27,0.9145,0.0355,0.0016,0.2121,4.19,0.1261,686.29,26.44,89,9441.9,0.3191,False,False,False,,
fb60e41f-ed32-49d8-b4fd-ce8af06df40d,Deepak Gupta,+918380389722,bangalore,blr_indiranagar,two_wheeler,2024-02-08,805,True,verified,True,True,False,True,True,upi,75,0.9433,0.0067,0.0003,0.1487,4.36,0.0147,146.79,13.61,2059,5121.64,0.2365,False,False,False,,
34489be8-7d2a-474d-a22e-f31b0bd68f79,Girish Chatterjee,+917568750024,bangalore,blr_yeshwanthpur,two_wheeler,2024-09-12,588,True,verified,True,True,True,True,True,bank,38,0.9362,0.0138,0.0002,0.1052,4.04,0.0328,132.55,9.89,1307,4111.0,0.2697,False,False,False,,
b4bcb7cb-23d0-4910-8c78-a2c55cb79000,Krishan Menon,+918845317676,bangalore,blr_jayanagar,three_wheeler,2021-10-02,1664,False,verified,True,True,False,True,True,upi,64,0.8088,0.1412,0.0127,0.2906,4.38,0.0823,247.17,14.06,2707,3923.09,0.2537,False,False,False,,
f30acf4e-4a31-46fe-a48a-c9963017804a,Anil Pillai,+918654134044,bangalore,blr_whitefield,three_wheeler,2022-07-06,1387,True,pending,True,True,True,False,True,upi,94,0.9302,0.0198,0.0009,0.3007,3.85,0.067,140.61,3.92,3166,9487.59,0.1656,False,False,True,,
1f2739a7-d7dc-4d95-a92d-3abb38565b7e,Girish Agarwal,+918629568555,bangalore,blr_electronic_city,two_wheeler,2022-09-08,1323,True,verified,True,True,False,True,True,bank,95,0.9457,0.0043,0.0006,0.1708,4.06,0.0217,67.97,4.7,3827,6470.32,0.3062,False,False,False,,
efcd5b42-535b-4905-94d5-31269d6a59dd,Anil Desai,+917802178497,bangalore,blr_bannerghatta,mini_truck,2026-01-15,98,True,verified,True,True,False,True,True,upi,65,0.8899,0.0601,0.0029,0.3091,4.21,0.0203,328.67,21.62,239,19779.24,0.0562,False,False,False,,
f39b570f-86a3-482c-9bbe-d270b1fcc294,Manoj Shukla,+917144930195,bangalore,blr_koramangala,mini_truck,2024-07-18,644,True,verified,True,True,False,True,True,upi,66,0.9394,0.0106,0.0007,0.1801,4.84,0.0717,442.2,14.83,2574,30704.37,0.0,False,False,False,,
71338125-131b-4d65-80f1-233d85c7d708,Manoj Hegde,+919780686558,bangalore,blr_btm,two_wheeler,2021-07-09,1749,True,pending,True,False,True,True,True,upi,36,0.9468,0.0032,0.0016,0.1521,4.62,0.0174,59.38,6.26,3934,5584.85,0.2136,False,False,True,,
0ffe3773-b6a4-4262-a558-302a013953fb,Mukesh Menon,+919699660020,bangalore,blr_whitefield,two_wheeler,2025-08-22,244,True,verified,True,True,False,True,True,upi,86,0.9219,0.0281,0.0046,0.196,4.2,0.0699,73.4,8.84,822,7731.54,0.2297,False,False,False,,
4c6f37e0-e05f-43d6-96b1-9f3391b88c7f,Sanjay Mukherjee,+919473085842,bangalore,blr_hsr,truck_17ft,2023-01-20,1189,True,verified,True,True,True,True,True,bank,91,0.9012,0.0488,0.0009,0.1205,4.21,0.0195,3002.19,67.04,3338,64921.56,0.1632,False,False,False,,
70f8d55d-6102-4bda-93d7-c153c502eab7,Ashok Gupta,+918802928589,bangalore,blr_whitefield,three_wheeler,2025-06-06,321,True,verified,True,True,False,True,True,upi,70,0.9453,0.0047,0.0026,0.1644,4.31,0.0513,261.37,16.22,875,10478.59,0.0646,False,False,False,,
4eb2d829-2ac5-492a-9791-330998b0f3fb,Lokesh Nair,+918197295915,bangalore,blr_hsr,three_wheeler,2025-10-30,175,True,verified,True,True,False,True,True,upi,63,0.9369,0.0131,0.0034,0.1055,4.19,0.0397,267.68,12.13,126,3233.11,0.2763,False,False,False,,
0619233d-1fc6-4430-a7de-15bc930dfd80,Naresh Mehta,+918377924786,bangalore,blr_marathahalli,two_wheeler,2024-11-03,536,True,verified,True,True,False,True,True,upi,99,0.9307,0.0193,0.0002,0.1868,4.3,0.063,142.54,10.2,1578,7133.07,0.3244,False,False,False,,
1b1c1c87-ac5a-42d8-80ab-ee0496d8c572,Sanjay Gowda,+917153560396,bangalore,blr_hebbal,three_wheeler,2025-03-13,406,True,verified,True,True,False,True,True,bank,78,0.9391,0.0109,0.0062,0.1116,4.45,0.039,164.19,8.46,995,9985.87,0.0808,True,False,False,,
eb044af0-f85b-45fd-a33d-5ec451c1c60a,Basavaraj Mukherjee,+917607805098,bangalore,blr_marathahalli,mini_truck,2022-11-08,1262,True,verified,True,True,False,True,True,bank,82,0.9369,0.0131,0.001,0.114,4.35,0.0683,268.6,10.54,3545,20091.4,0.0899,False,False,False,,
11ad48f2-df1d-48dc-bedc-e01045f76961,Paresh Sharma,+916340468792,bangalore,blr_whitefield,three_wheeler,2022-11-24,1246,True,verified,True,True,False,True,True,cash,59,0.9423,0.0077,0.0039,0.1656,4.47,0.0205,157.52,9.3,4093,14775.77,0.1013,False,False,False,,
bff1569e-8094-41ca-a1f9-8b76fdffae14,Manoj Pillai,+919778544761,bangalore,blr_indiranagar,three_wheeler,2021-09-14,1682,True,expired,False,True,True,True,True,upi,45,0.9412,0.0088,0.0011,0.0792,4.7,0.0042,154.42,5.67,4892,10215.18,0.0242,False,False,False,,
331cbee1-3eb1-439d-9670-2be0cee73e43,Suresh Kumar,+919950471806,bangalore,blr_indiranagar,mini_truck,2025-12-03,141,True,verified,True,True,False,True,True,bank,62,0.9403,0.0097,0.001,0.2976,4.83,0.0513,440.55,6.51,193,11786.81,0.1258,False,False,False,,
904a9d88-7555-4a76-89e5-2d60b6b2c1c6,Ibrahim Verma,+916122100398,bangalore,blr_bannerghatta,two_wheeler,2025-02-08,439,True,unverified,True,False,False,False,False,upi,81,0.9483,0.0017,0.0011,0.2706,4.44,0.0124,80.5,8.09,1276,6348.55,0.3689,True,False,True,,
160d54a7-8f28-4c93-9612-5a13eafa3b2f,Harish Babu,+918859928501,bangalore,blr_whitefield,mini_truck,2024-09-23,577,True,pending,True,True,True,True,True,upi,66,0.9026,0.0474,0.0046,0.2458,4.18,0.0361,280.17,8.81,1869,22143.41,0.1389,False,False,False,,
402c4115-e797-4da7-98ea-bc207b1cfed3,Vijay Patel,+916474619685,bangalore,blr_marathahalli,two_wheeler,2024-06-02,690,True,unverified,True,False,False,False,False,upi,48,0.8998,0.0502,0.0019,0.1619,4.36,0.0575,148.69,13.55,1800,5940.43,0.2886,False,False,True,,
95e46b90-0ebf-4f5f-be8c-45965c06bb8c,Raja Singh,+917981772262,bangalore,blr_hebbal,truck_17ft,2023-09-16,950,True,verified,True,True,False,True,True,cash,89,0.9377,0.0123,0.0014,0.2108,4.08,0.0022,2730.82,56.25,2233,68743.93,0.0465,False,False,False,,
cf146280-2159-4da8-8d87-00f93bcf5d1e,Kiran Gupta,+916732548234,bangalore,blr_bannerghatta,truck_17ft,2020-05-18,2166,True,verified,True,True,True,True,True,upi,69,0.9173,0.0327,0.0048,0.2205,4.51,0.0005,2650.17,40.72,7357,79975.1,0.2151,False,False,False,,
0f58843a-1993-4c2b-9ad4-d2a4e687397e,Rakesh Bansal,+919369898982,bangalore,blr_hsr,two_wheeler,2024-11-11,528,True,verified,True,True,False,True,True,bank,80,0.9216,0.0284,0.0001,0.1647,4.52,0.0418,145.32,9.65,1177,4858.03,0.1984,False,False,False,,
809585ad-0327-4128-b7e7-69fd880eec47,Ganesh Hegde,+919464500191,bangalore,blr_indiranagar,mini_truck,2026-01-15,98,True,verified,True,True,False,True,True,bank,28,0.9496,0.0004,0.0025,0.2358,4.08,0.01,389.33,12.72,218,18874.56,0.132,False,False,False,,
f1bba6a1-a585-4e52-8f3b-3fdddb5929b5,Pavan Nair,+918845553720,bangalore,blr_jayanagar,two_wheeler,2024-03-14,770,True,unverified,True,True,True,True,True,upi,53,0.931,0.019,0.0002,0.2158,4.09,0.0221,101.26,7.68,1934,5200.61,0.3096,False,False,False,,
00d04a67-0b6b-47d0-b087-13d6fc77f171,Manish Menon,+917739026201,bangalore,blr_yeshwanthpur,two_wheeler,2020-12-14,1956,True,verified,True,True,True,True,True,bank,95,0.9196,0.0304,0.0001,0.1504,3.81,0.0206,65.5,4.59,3999,4874.3,0.2839,False,False,False,,
f7d07622-a948-4f2d-9b04-d926cfcfbc4a,Ganesh Shah,+916317534173,bangalore,blr_hebbal,two_wheeler,2024-02-18,795,False,verified,True,True,False,True,True,upi,69,0.9344,0.0156,0.0003,0.2329,4.47,0.0281,125.26,9.3,3159,7712.23,0.2663,False,False,False,,
80a57ac8-8d92-433b-8de8-3f5a9a4eec63,Shivakumar Khan,+918985241340,bangalore,blr_whitefield,mini_truck,2024-11-17,522,True,verified,True,True,False,True,True,upi,38,0.8788,0.0712,0.0007,0.1971,3.71,0.0237,750.88,25.45,1169,18221.45,0.2014,False,False,False,,
c85ce7fa-dc28-4cf5-88bd-aa01e2033553,Vinod Kulkarni,+916978167014,bangalore,blr_koramangala,truck_14ft,2022-05-14,1440,True,verified,True,True,True,True,True,upi,47,0.9418,0.0082,0.0012,0.2359,4.96,0.0637,1930.84,35.97,4977,55899.01,0.1246,False,False,False,,
21677791-de68-408b-b965-b8f4acdbe673,Harish Ghosh,+916912304867,bangalore,blr_btm,mini_truck,2022-12-22,1218,False,verified,True,True,False,True,True,bank,75,0.9488,0.0012,0.0003,0.1684,4.64,0.0117,595.05,24.76,5467,38209.06,0.0819,False,False,False,,
86f8d004-a1e7-4484-a643-e19834871a63,Vinod Bansal,+918657474867,bangalore,blr_hebbal,two_wheeler,2023-05-09,1080,True,verified,True,True,False,True,True,upi,55,0.9465,0.0035,0.0116,0.2303,3.89,0.0705,80.35,8.48,3865,6806.5,0.1983,False,False,False,,
dbcc43a2-687e-40ce-8758-0e9a59c953ed,Lokesh Khan,+919776425393,bangalore,blr_marathahalli,mini_truck,2025-04-27,361,False,verified,True,True,False,True,True,upi,100,0.9236,0.0264,0.0015,0.2132,4.46,0.0316,259.49,8.25,651,15724.01,0.067,False,False,False,,
496ff1dc-4f70-44f7-8be9-e5782a0f3d82,Naresh Pillai,+919948693372,bangalore,blr_jayanagar,two_wheeler,2022-03-29,1486,False,verified,True,True,False,True,True,upi,92,0.9252,0.0248,0.0039,0.1586,4.45,0.0395,94.19,7.27,5394,6964.3,0.2113,False,False,False,,
2f3c076d-378e-448c-b0e2-fe882c24ea92,Deepak Nair,+917995202536,bangalore,blr_rajajinagar,three_wheeler,2024-02-19,794,True,verified,True,True,True,True,True,upi,41,0.9297,0.0203,0.0012,0.2431,4.47,0.0167,177.48,10.23,2041,9318.96,0.0,False,False,False,,
9187fb8b-8f50-47b1-b515-f90b60da3de9,Murugan Nayak,+918591773589,bangalore,blr_electronic_city,two_wheeler,2022-07-26,1367,True,verified,True,True,False,True,True,upi,61,0.9436,0.0064,0.0015,0.1652,4.31,0.0584,93.45,8.61,5055,11596.31,0.1147,False,False,False,,
4fc5894b-791f-4b55-b683-04eb5476f5b6,Kiran Tiwari,+917205470938,bangalore,blr_koramangala,two_wheeler,2024-12-09,500,True,verified,True,True,False,True,True,bank,43,0.9107,0.0393,0.0012,0.2844,4.53,0.0344,94.43,9.08,1035,4600.27,0.2504,False,False,False,,
47ad742b-032f-4234-a5a4-0d801e41c86c,Mohan Nair,+918468293679,bangalore,blr_yeshwanthpur,mini_truck,2023-05-07,1082,True,verified,True,True,False,True,True,upi,92,0.9394,0.0106,0.0076,0.2246,4.41,0.0789,620.53,21.78,2906,21896.16,0.2017,False,False,False,,
14cd9145-c279-4cd1-a51b-3c19ea484f27,Raja Mehta,+916689695702,bangalore,blr_rajajinagar,truck_17ft,2024-08-18,613,True,verified,True,True,False,True,True,bank,89,0.939,0.011,0.0002,0.1917,4.4,0.0361,2704.71,57.01,1686,89954.49,0.1138,False,False,False,,
278a444f-8ff2-499d-8349-14f90de22c26,Paresh Agarwal,+917888423251,bangalore,blr_yeshwanthpur,two_wheeler,2022-06-14,1409,True,verified,True,True,False,True,True,upi,71,0.9298,0.0202,0.0033,0.1247,4.1,0.0081,69.08,6.86,2702,3292.36,0.2903,False,False,False,,
2178fc64-b5a2-40b9-b617-e6c618528ec7,Satish Sharma,+919345069155,bangalore,blr_electronic_city,two_wheeler,2023-06-08,1050,True,verified,True,True,False,True,True,upi,64,0.9255,0.0245,0.0006,0.0721,3.75,0.0606,197.84,14.72,2981,7253.0,0.386,False,False,False,,
93c55c7f-db4f-43f4-a998-314d4ae6c750,Abdul Patel,+918481196109,bangalore,blr_rajajinagar,three_wheeler,2024-08-23,608,True,verified,True,True,False,True,True,upi,78,0.9353,0.0147,0.0011,0.1932,4.36,0.0072,239.22,13.43,1846,13445.08,0.1268,False,False,False,,
4e68be3f-f5ad-434d-b81f-de71af5494a9,Satish Singh,+916181165943,bangalore,blr_btm,two_wheeler,2022-06-27,1396,True,unverified,True,True,False,False,True,bank,59,0.7658,0.1842,0.0274,0.333,3.56,0.0802,145.69,13.86,4591,7875.56,0.486,False,False,True,,
16aade77-b094-4f4c-8007-dce2f9775e8d,Babu Kulkarni,+918931406804,bangalore,blr_rajajinagar,two_wheeler,2026-02-17,65,True,verified,True,True,False,True,True,upi,77,0.9439,0.0061,0.0007,0.1947,4.19,0.0322,86.69,7.24,97,3996.5,0.4014,False,False,False,,
99da6d53-61a9-43bc-9022-02390d14786a,Ravi Gupta,+917319596932,bangalore,blr_btm,two_wheeler,2021-04-21,1828,True,verified,True,True,True,True,True,bank,65,0.9319,0.0181,0.0007,0.121,4.35,0.0205,170.65,13.38,5350,6578.79,0.2505,False,False,False,,
74808ae3-7376-4958-af1a-11a77f058d10,Naveen Kumar,+916223318660,bangalore,blr_whitefield,mini_truck,2023-07-05,1023,True,verified,True,True,True,True,True,bank,99,0.9373,0.0127,0.0071,0.1487,4.98,0.0152,539.59,19.82,3679,24961.01,0.1281,False,False,False,,
049d949f-89a8-48e0-b07c-136fe2419587,Abdul Bhat,+918224811080,bangalore,blr_hebbal,two_wheeler,2025-01-06,472,True,verified,True,True,False,True,True,upi,85,0.9007,0.0493,0.0018,0.2001,4.23,0.0528,66.02,6.0,1260,4831.63,0.2579,False,False,False,,
dd01008f-af18-41cf-a824-22e3030c6db8,Rajan Singh,+916586904187,bangalore,blr_hebbal,two_wheeler,2026-01-28,85,True,verified,True,True,False,True,True,bank,48,0.9278,0.0222,0.0017,0.1481,4.79,0.0329,104.69,5.37,276,6492.32,0.3664,False,False,False,,
30cb66e4-9596-4075-9368-32cb279ea402,Ravi Das,+916314284286,bangalore,blr_hsr,two_wheeler,2021-06-26,1762,True,verified,True,True,False,True,True,bank,68,0.6958,0.2542,0.05,0.4969,3.18,0.2428,119.65,13.75,5421,7960.94,0.4441,False,False,False,,
18594bf2-8fb0-4eff-bf0c-edf0deed9ad2,Imran Jain,+916457570201,bangalore,blr_jayanagar,truck_14ft,2023-12-25,850,False,verified,True,True,False,True,True,upi,63,0.9302,0.0198,0.0024,0.0922,4.63,0.0408,1669.35,36.17,1482,35008.21,0.0035,False,False,False,,
63d9d9c7-0418-45ea-a339-2a81c14f59cd,Ajay Raju,+919329340519,bangalore,blr_electronic_city,three_wheeler,2022-07-25,1368,True,pending,True,True,True,True,True,bank,72,0.9264,0.0236,0.0003,0.1404,4.13,0.0397,96.52,1.5,2386,8178.4,0.1536,False,False,False,,
80e50080-2467-4374-a84a-9eb5d0bf7365,Basavaraj Shaikh,+919695558524,bangalore,blr_jayanagar,mini_truck,2023-05-30,1059,True,verified,True,True,True,True,True,upi,68,0.9211,0.0289,0.002,0.175,4.42,0.0283,520.74,13.16,2379,19722.51,0.0243,False,False,False,,
ecf550b2-3ec7-42d6-ae59-3c26ae00fd99,Satish Bansal,+916504404259,bangalore,blr_bannerghatta,three_wheeler,2023-12-16,859,True,pending,True,False,False,True,True,upi,50,0.9432,0.0068,0.0017,0.1462,3.77,0.0129,130.05,7.26,2239,10908.41,0.3249,False,False,True,,
ec12a0fa-0276-4cd4-bc8f-42ec53740b02,Vinod Mukherjee,+919532958477,bangalore,blr_whitefield,two_wheeler,2024-12-13,496,True,verified,True,True,False,True,True,upi,92,0.921,0.029,0.0004,0.1388,4.19,0.0139,102.04,9.27,1316,6450.67,0.1717,False,False,False,,
8df909e1-a2b8-4b19-ab8d-9559cdf8924b,Raja Gupta,+917165570805,bangalore,blr_rajajinagar,three_wheeler,2020-10-06,2025,True,unverified,True,True,True,True,True,bank,65,0.938,0.012,0.001,0.2042,3.84,0.0422,219.49,8.23,5713,14064.52,0.1023,False,False,False,,
f370951f-fc8c-47eb-a811-29c699bcb84d,Venkatesh Dubey,+919631773006,bangalore,blr_marathahalli,two_wheeler,2025-07-03,294,True,verified,True,True,False,True,True,upi,78,0.9479,0.0021,0.0006,0.1578,4.58,0.0344,32.48,1.09,400,3363.7,0.2461,False,False,False,,
12784cc2-51b8-4179-81a9-303cb399a86f,Ashok Siddiqui,+916154650900,bangalore,blr_btm,truck_14ft,2022-03-12,1503,True,verified,True,True,True,True,True,upi,101,0.6467,0.3033,0.0565,0.4705,2.89,0.1733,945.65,40.19,3860,56973.13,0.2794,False,False,False,RING_BAN_001,member
cd9ca939-72a2-4927-91d9-618420a1f177,Senthil Verma,+917977115170,bangalore,blr_electronic_city,mini_truck,2025-08-24,242,True,verified,True,True,False,True,True,upi,76,0.9421,0.0079,0.0,0.0446,4.29,0.0202,531.11,18.61,966,40458.51,0.1805,False,False,False,,
4c7865d3-8183-4e81-876d-ca6e24401fdc,Umesh Das,+917216611894,bangalore,blr_hsr,truck_14ft,2022-08-19,1343,True,verified,True,True,True,True,True,cash,106,0.9336,0.0164,0.0001,0.1042,3.97,0.0179,1059.72,22.11,3029,37623.59,0.0,False,False,False,,
220ee402-02fb-4a58-add5-e0391b54fb46,Sanjay Swamy,+919851242558,bangalore,blr_electronic_city,mini_truck,2023-07-16,1012,True,verified,True,True,False,True,True,upi,102,0.9081,0.0419,0.0007,0.2787,4.05,0.0216,278.98,3.51,3511,28509.58,0.0869,False,False,False,,
4ff926ef-6898-4440-bf27-9aa48d967858,Senthil Shah,+917729346614,bangalore,blr_whitefield,mini_truck,2021-03-18,1862,True,verified,True,True,False,True,True,bank,73,0.9416,0.0084,0.002,0.0952,4.5,0.0165,498.21,14.61,6208,30969.5,0.1605,False,False,False,,
749e3b10-2701-4956-b8e2-c7b823bc743a,Karthi Shaikh,+919180590440,bangalore,blr_whitefield,two_wheeler,2023-07-21,1007,True,verified,True,True,False,True,True,upi,27,0.942,0.008,0.0008,0.2014,4.62,0.0419,117.5,13.05,2770,6333.82,0.1947,False,False,False,,
f3395f75-0ae5-4296-ab11-2a4f3ebefc5c,Naveen Hegde,+917774117296,bangalore,blr_bannerghatta,two_wheeler,2026-01-10,103,True,verified,True,True,False,True,True,upi,37,0.93,0.02,0.0009,0.2293,4.54,0.045,69.55,5.23,250,5704.94,0.3504,False,False,False,,
7c43966a-7655-4d3a-a4d0-0ffc60d250a1,Venkatesh Mehta,+919339737420,bangalore,blr_marathahalli,three_wheeler,2025-07-31,266,True,verified,True,True,False,True,True,upi,59,0.9314,0.0186,0.0018,0.1866,4.36,0.0157,237.78,13.22,563,7668.81,0.2434,False,False,False,,
fa5e0a41-adce-4d0b-b16f-6df5ef2e14ed,Basavaraj Bhat,+919800773589,bangalore,blr_whitefield,two_wheeler,2025-11-19,155,True,verified,True,True,False,True,True,upi,54,0.8411,0.1089,0.0108,0.4006,4.05,0.1061,194.3,15.0,486,7109.83,0.2338,False,False,False,,
e89acd04-b653-4dd8-b5b0-0f6ef52ddf8b,Pavan Patil,+916983416115,bangalore,blr_btm,two_wheeler,2023-08-25,972,True,verified,True,True,False,True,True,cash,83,0.9256,0.0244,0.0009,0.3252,4.02,0.0328,90.99,9.77,1754,3892.89,0.2617,False,False,False,,
68920ab9-1dbc-40d7-bff2-d895aa657473,Arjun Garg,+916431072278,bangalore,blr_yeshwanthpur,two_wheeler,2025-05-19,339,True,verified,True,True,False,True,True,upi,82,0.9305,0.0195,0.0005,0.1826,4.18,0.0208,93.01,6.99,877,6956.01,0.1599,False,False,False,,
0463ed97-8b01-44df-98cc-9c0ba9316a55,Krishan Pandey,+917484688890,bangalore,blr_indiranagar,three_wheeler,2025-07-31,266,True,verified,True,True,False,True,True,upi,82,0.9029,0.0471,0.0011,0.2141,4.64,0.0187,195.88,7.55,1099,17003.26,0.0467,False,False,False,,
f3955f00-99f4-4ae2-8134-970cc4d4bdaf,Shivakumar Bhat,+917427200617,bangalore,blr_electronic_city,mini_truck,2022-08-28,1334,True,verified,True,True,True,True,True,upi,48,0.8373,0.1127,0.0292,0.2557,3.64,0.1823,577.81,17.94,3558,27661.64,0.309,False,False,False,,
53f3a438-39f3-4cfb-b520-82213648d101,Basavaraj Patil,+919984803583,bangalore,blr_yeshwanthpur,two_wheeler,2021-04-22,1827,True,verified,True,True,True,True,True,upi,82,0.9493,0.0007,0.0015,0.24,4.39,0.0316,97.43,6.52,5528,7159.09,0.275,False,False,False,,
7c2ef50c-14ad-4c1c-816e-96cdb9745fb6,Manish Khan,+916754720715,bangalore,blr_marathahalli,two_wheeler,2022-04-11,1473,True,unverified,True,True,True,False,True,upi,65,0.9393,0.0107,0.003,0.2804,5.0,0.0437,88.5,4.93,2546,3243.47,0.2434,False,False,True,,
8e3d1774-7715-4c4c-bf73-229e11f9c11f,Rajan Agarwal,+918961323580,bangalore,blr_hsr,truck_14ft,2025-06-27,300,True,verified,True,True,False,True,True,bank,57,0.9409,0.0091,0.0003,0.194,4.36,0.047,1127.51,16.96,974,67724.92,0.003,False,False,False,,
87aa5cf6-1bad-44db-af88-4f0452b604ff,Santosh Khan,+918730977976,bangalore,blr_btm,mini_truck,2023-02-11,1167,True,verified,True,True,False,True,True,bank,40,0.764,0.186,0.0228,0.3343,3.86,0.1039,483.0,16.93,3548,27679.32,0.1669,False,False,False,,
80916ac5-12ff-4e17-a5a9-5d0154d190f7,Murugan Kumar,+918884353992,bangalore,blr_btm,two_wheeler,2026-02-25,57,True,pending,True,True,False,False,False,upi,69,0.9264,0.0236,0.0005,0.2492,4.68,0.1105,87.32,6.57,162,5266.6,0.3582,False,False,True,,
7fb1bb01-2469-4274-9c8a-9f4ce9739001,Ravi Pandey,+919919384887,bangalore,blr_hsr,two_wheeler,2024-12-11,498,True,verified,True,True,False,True,True,upi,96,0.937,0.013,0.001,0.2627,4.05,0.1403,136.4,10.77,1567,6199.05,0.2546,False,False,False,,
3aaf58bf-e0ee-4deb-91ca-cc3a9beb9aef,Babu Iyer,+916972683392,bangalore,blr_koramangala,mini_truck,2020-07-14,2109,True,verified,True,True,True,True,True,upi,73,0.9334,0.0166,0.0038,0.1456,3.62,0.0926,602.04,26.82,6269,23573.99,0.3072,False,False,False,,
e5b3e7c3-3541-4f66-b6fe-0aeeceac1467,Naresh Nayak,+917436074112,bangalore,blr_jayanagar,mini_truck,2025-07-23,274,True,pending,False,True,False,False,True,bank,106,0.9479,0.0021,0.0034,0.2567,4.27,0.0433,678.0,22.41,585,15239.89,0.1622,False,False,True,,
28cc9054-4b54-40ef-9c8e-6e3f1ec98edc,Sanjay Mishra,+916380552503,bangalore,blr_whitefield,two_wheeler,2024-09-27,573,True,verified,True,True,False,True,True,upi,49,0.9352,0.0148,0.0006,0.231,4.14,0.0259,40.46,1.45,1877,7866.71,0.2496,False,False,False,,
32dc2ed4-5711-4d57-9c54-36c46ac8f1dc,Rajan Shaikh,+916290661039,bangalore,blr_hebbal,mini_truck,2025-01-28,450,True,verified,True,True,False,True,True,cash,93,0.8925,0.0575,0.001,0.1527,4.2,0.0105,246.3,2.0,1888,33456.51,0.1213,False,False,False,,
24f4ca03-e864-4f34-a267-5723888a837f,Lokesh Bansal,+918819431679,bangalore,blr_jayanagar,truck_17ft,2025-08-13,253,True,unverified,True,True,False,True,False,upi,80,0.948,0.002,0.0002,0.1924,4.53,0.0869,1654.19,28.19,436,50058.58,0.0357,True,True,False,,
5691caba-1620-4335-b31d-fa576a08fdc3,Ajay Chatterjee,+916337381132,bangalore,blr_indiranagar,two_wheeler,2023-07-06,1022,True,verified,True,True,False,True,True,upi,87,0.921,0.029,0.0007,0.2053,4.27,0.1009,103.64,10.05,2763,4644.43,0.177,False,False,False,,
72cca392-90a6-4e3d-9465-11ac779d82f3,Mahesh Bhat,+916566740374,bangalore,blr_indiranagar,two_wheeler,2020-10-21,2010,True,verified,True,True,False,True,True,upi,70,0.909,0.041,0.0026,0.1053,4.45,0.1164,98.82,7.94,4471,4281.54,0.1938,False,False,False,,
9652d3be-9038-4724-be97-e4f3aabb0402,Senthil Mishra,+919695400815,bangalore,blr_btm,truck_14ft,2024-10-12,558,True,pending,True,True,False,True,True,bank,54,0.6528,0.2972,0.05,0.447,2.41,0.4164,1576.86,36.99,1048,36806.66,0.2787,False,False,False,,
530d6977-8a98-4072-9caf-3d83db035e33,Harish Tiwari,+916751438236,bangalore,blr_hebbal,truck_14ft,2022-09-17,1314,True,verified,True,True,False,True,True,upi,77,0.9243,0.0257,0.0031,0.1898,4.26,0.0496,1170.1,33.06,3122,45182.21,0.1159,False,False,False,,
ae78dc36-4a78-4986-82ef-4bac18b6406a,Rakesh Babu,+917528899607,bangalore,blr_btm,mini_truck,2026-02-14,68,True,verified,True,True,False,True,True,cash,89,0.8933,0.0567,0.0018,0.2104,4.27,0.0038,555.21,21.96,100,10016.73,0.3076,False,False,False,,
a9c6d823-65ec-4cb9-b1c0-ac89025cc07f,Ajay Joshi,+917964492590,bangalore,blr_bannerghatta,mini_truck,2025-01-13,465,True,verified,True,True,False,True,True,bank,94,0.936,0.014,0.001,0.0753,4.18,0.0142,462.94,14.84,1323,26798.41,0.0802,False,False,False,,
c90426ea-e70b-487d-ac58-8fd37efd1785,Vivek Nair,+918569563720,bangalore,blr_jayanagar,mini_truck,2024-10-01,569,True,pending,True,True,False,True,False,upi,46,0.9386,0.0114,0.0008,0.0983,4.45,0.0537,439.29,10.95,960,11513.94,0.1303,False,False,False,,
586e2fc8-7d15-4300-8d02-0e43711b07e2,Arjun Singh,+919454265935,bangalore,blr_hsr,two_wheeler,2024-08-26,605,True,pending,True,False,False,True,True,upi,69,0.9436,0.0064,0.002,0.1728,4.46,0.0466,85.64,5.88,1653,4189.85,0.226,False,False,True,,
a31626d9-5ba7-4de2-bb9d-ebbb17d3c1d4,Girish Babu,+917379997397,bangalore,blr_bannerghatta,two_wheeler,2026-02-06,76,True,unverified,False,True,False,True,True,upi,72,0.9415,0.0085,0.0022,0.1898,3.73,0.0207,135.73,12.89,118,2924.28,0.5792,False,False,False,,
b74bd858-a463-4a9b-b507-1cd166439fc7,Mukesh Menon,+917330030440,bangalore,blr_yeshwanthpur,mini_truck,2025-03-02,417,True,verified,True,True,False,True,True,upi,72,0.9263,0.0237,0.0005,0.2688,4.45,0.0891,524.02,17.89,884,16061.42,0.092,False,False,False,,
d333a4a5-a1f6-4d41-aa24-83092fa9f946,Prakash Shetty,+917535405130,bangalore,blr_indiranagar,three_wheeler,2024-06-22,670,True,verified,True,True,False,True,True,cash,41,0.942,0.008,0.0015,0.1903,4.72,0.0183,184.03,11.85,1968,11547.12,0.0518,False,False,False,,
a9976b00-bbab-44d6-89b7-62ebf9f44155,Naresh Gowda,+919162924443,bangalore,blr_electronic_city,truck_14ft,2023-01-06,1203,False,verified,True,True,False,True,True,upi,64,0.9483,0.0017,0.0003,0.1908,4.37,0.0461,2031.56,43.26,2355,50508.16,0.0647,False,False,False,,
aa3eba60-be31-4f8c-9769-58b27ebf297c,Imran Shukla,+916129929493,bangalore,blr_btm,mini_truck,2023-11-23,882,True,verified,True,True,False,True,True,upi,98,0.9368,0.0132,0.0018,0.2998,4.44,0.0421,588.51,21.74,2346,24211.67,0.1375,False,False,False,,
e9b3e23f-1a8b-4a33-ad4a-740b386e1e64,Karthi Das,+916422641636,bangalore,blr_indiranagar,two_wheeler,2026-01-10,103,True,unverified,True,True,False,False,False,upi,90,0.9331,0.0169,0.003,0.1402,4.15,0.0436,107.61,9.81,206,4456.26,0.2637,False,False,True,,
ce599608-2577-4d29-920e-6bc57f3038ec,Rajan Menon,+919865444226,bangalore,blr_hsr,two_wheeler,2025-03-28,391,True,verified,True,True,False,True,True,upi,103,0.8,0.15,0.1081,0.5563,3.45,0.2179,86.85,5.86,885,5125.82,0.4193,False,False,False,,
5dd908a1-30c8-4b82-903c-d9313085155e,Ajay Ansari,+916958757384,bangalore,blr_bannerghatta,two_wheeler,2023-04-30,1089,True,verified,True,True,False,True,True,upi,109,0.9447,0.0053,0.0009,0.2058,3.86,0.024,61.09,4.93,1030,2379.25,0.2325,False,False,False,,
9640119f-b1c4-4c53-a1bd-06d69cf04bf0,Ashok Shetty,+919410075264,bangalore,blr_hsr,three_wheeler,2022-05-29,1425,True,verified,True,True,False,True,True,upi,41,0.9451,0.0049,0.0008,0.1476,4.06,0.0566,263.62,11.88,5020,17840.83,0.1045,False,False,False,,
19e66e92-ce5f-4143-a70d-a6a88b422a9c,Rakesh Bansal,+918543456213,bangalore,blr_rajajinagar,mini_truck,2026-02-06,76,True,verified,True,True,False,True,True,upi,94,0.9067,0.0433,0.0002,0.1793,4.34,0.0268,567.87,20.54,86,10469.01,0.3195,False,False,False,,
daa07928-a2c8-4d6f-9947-6889d0465238,Selvam Das,+919843453265,bangalore,blr_koramangala,truck_14ft,2022-11-16,1254,True,verified,True,True,True,True,True,upi,71,0.9449,0.0051,0.0051,0.2302,4.61,0.0634,1658.93,47.5,2737,54423.14,0.0559,False,False,False,,
e6a2219c-5d80-43e4-84d8-c47306d6af6b,Sunil Shaikh,+916442864915,bangalore,blr_hsr,mini_truck,2023-02-16,1162,True,verified,True,True,False,True,True,cash,66,0.9361,0.0139,0.0042,0.1668,4.83,0.0908,755.04,22.5,1629,11790.31,0.0381,False,False,False,,
3b129214-025c-4eae-9298-d531a15c6e99,Ramesh Desai,+918887951592,bangalore,blr_jayanagar,two_wheeler,2023-04-29,1090,True,verified,True,True,True,True,True,upi,82,0.935,0.015,0.0019,0.2385,4.03,0.016,41.7,1.0,2339,5180.53,0.207,False,False,False,,
b57b21f1-66f5-4622-83da-300034502e49,Senthil Dubey,+917637981951,bangalore,blr_marathahalli,two_wheeler,2023-04-10,1109,True,unverified,False,True,True,True,True,bank,48,0.9166,0.0334,0.0005,0.2536,4.25,0.0235,63.21,5.13,3323,5669.73,0.2652,False,False,False,,
46c6a4de-5d00-4051-9543-a448051d9c64,Mani Mehta,+919219184109,bangalore,blr_hsr,two_wheeler,2023-04-18,1101,True,verified,True,True,False,True,True,upi,66,0.9388,0.0112,0.0022,0.2717,4.75,0.1024,50.83,1.91,2546,4046.73,0.2394,False,False,False,,
23de62e4-5cd9-449b-96f6-b4382fdea14b,Murugan Gupta,+917867771620,bangalore,blr_bannerghatta,two_wheeler,2025-06-01,326,True,verified,True,True,False,True,True,upi,65,0.9112,0.0388,0.0005,0.2361,4.57,0.0438,114.31,8.2,681,5005.95,0.3041,False,False,False,,
42abd422-ee5f-439a-9599-4bcd8e31bc20,Raja Rao,+917188008387,bangalore,blr_hebbal,two_wheeler,2022-12-21,1219,True,verified,True,True,False,True,True,upi,64,0.941,0.009,0.0003,0.1088,5.0,0.0094,55.14,4.25,2043,3933.81,0.2713,False,False,False,,
4aec9884-1447-475c-8cab-bc4ad0477cb1,Praveen Swamy,+916387565917,bangalore,blr_btm,three_wheeler,2025-05-04,354,True,verified,True,True,False,True,True,upi,87,0.9225,0.0275,0.0019,0.2194,4.69,0.0879,243.36,17.32,1251,10625.7,0.0948,False,True,False,,
2880c5f5-48bb-4324-b45d-2d947d324245,Manish Mukherjee,+917914918489,bangalore,blr_hebbal,mini_truck,2023-02-28,1150,True,verified,True,True,False,True,True,cash,58,0.9048,0.0452,0.0059,0.1203,4.26,0.0796,484.68,16.72,2905,21391.06,0.0996,False,False,False,,
4d3dd85f-a666-4f43-9fe7-ec5b76019c2a,Ajay Dubey,+916800605286,bangalore,blr_bannerghatta,three_wheeler,2021-07-22,1736,True,verified,True,True,True,True,True,upi,73,0.9107,0.0393,0.0015,0.3349,3.75,0.0235,240.44,13.92,3274,7858.55,0.4344,False,False,False,,
270107d4-3f5f-41aa-a365-76a63f56286f,Rohan Naidu,+916601655486,bangalore,blr_rajajinagar,truck_14ft,2021-11-23,1612,True,verified,True,True,False,True,True,bank,64,0.9225,0.0275,0.003,0.1398,4.65,0.0491,1516.0,31.3,2879,36476.18,0.1092,False,True,False,,
7e700fc2-63f9-46e5-88ac-607f51669050,Rajesh Babu,+918190669881,bangalore,blr_jayanagar,truck_17ft,2023-08-03,994,True,verified,True,True,False,True,True,bank,35,0.9285,0.0215,0.0064,0.1719,5.0,0.0594,1862.76,28.59,3752,96264.77,0.0623,False,False,False,,
37dc29fc-1ba0-4c3e-878f-d1343d09c37c,Imran Tiwari,+917607466498,bangalore,blr_electronic_city,two_wheeler,2020-08-24,2068,True,unverified,True,True,False,True,True,upi,45,0.9386,0.0114,0.0024,0.1119,4.69,0.053,96.05,9.33,6029,7019.07,0.1474,False,False,False,,
83689a09-7fea-4517-9e3c-114cc7f292f4,Mukesh Kumar,+916915818725,bangalore,blr_hsr,mini_truck,2022-08-01,1361,True,pending,False,True,False,True,True,upi,64,0.9354,0.0146,0.001,0.2207,4.71,0.0229,445.88,8.6,2674,18737.66,0.1208,True,False,False,,
0df029e4-010b-4244-92bc-e44b6986fa39,Basavaraj Naidu,+917829914613,bangalore,blr_bannerghatta,two_wheeler,2025-03-14,405,True,pending,False,True,False,True,True,bank,58,0.9371,0.0129,0.0003,0.1187,4.56,0.0431,103.23,8.17,933,4044.47,0.2509,False,False,False,,
e338e4c2-8b27-46c5-a9d7-823391d7c49b,Thirumalai Ghosh,+916597051287,bangalore,blr_whitefield,two_wheeler,2023-09-05,961,True,verified,True,True,False,True,True,bank,58,0.9081,0.0419,0.0019,0.2136,3.92,0.0244,62.8,3.67,3446,7115.23,0.2124,False,False,False,,
b05ca798-17ca-4cb8-aca5-34b2192effbb,Santosh Mishra,+918238396877,bangalore,blr_indiranagar,mini_truck,2025-07-01,296,True,verified,True,True,False,True,True,cash,65,0.9241,0.0259,0.004,0.1695,4.41,0.0481,714.78,25.42,400,10556.62,0.1372,False,False,False,,
e58384c0-350a-4956-ab1e-e3c307622416,Lokesh Patel,+917768996998,bangalore,blr_rajajinagar,two_wheeler,2026-01-23,90,False,verified,True,True,False,True,True,upi,43,0.916,0.034,0.0015,0.176,4.25,0.0113,80.52,6.04,316,8740.63,0.1173,False,False,False,,
060f95df-c954-4536-b6e5-1ffa4fbfe871,Santosh Das,+917277081297,bangalore,blr_marathahalli,mini_truck,2023-10-30,906,True,verified,True,True,False,True,True,bank,73,0.9267,0.0233,0.002,0.1959,4.55,0.0531,277.06,2.0,1617,12111.42,0.2242,False,False,False,,
91455f90-27c7-4f33-9951-12f0d50cbbef,Krishan Tiwari,+918100042488,bangalore,blr_hsr,three_wheeler,2025-11-18,156,True,verified,True,True,False,True,True,upi,12,0.9446,0.0054,0.0004,0.2183,4.24,0.0036,212.93,13.89,475,16081.38,0.1219,False,False,False,,
879be511-a33d-4f8c-9c90-53ac82aabd11,Naveen Nair,+917352916047,bangalore,blr_yeshwanthpur,three_wheeler,2021-04-15,1834,True,verified,True,True,True,True,True,upi,92,0.9388,0.0112,0.0003,0.1311,4.07,0.0584,236.95,13.12,1353,2869.57,0.2486,False,False,False,,
754b1dab-4027-4bdd-bdd5-aa9a372b2bd1,Ravi Singh,+916510944130,bangalore,blr_electronic_city,two_wheeler,2021-02-25,1883,True,verified,True,True,False,True,True,upi,62,0.9341,0.0159,0.0007,0.2008,3.94,0.0412,41.57,1.0,4753,5234.25,0.2703,False,False,False,,
27a16836-3e12-48ba-9956-0c86461f356d,Vinod Rao,+917885178629,bangalore,blr_indiranagar,two_wheeler,2020-07-01,2122,True,verified,True,True,False,True,True,bank,55,0.9357,0.0143,0.0018,0.2517,4.11,0.0038,84.02,5.79,7538,7888.94,0.2937,False,False,False,,
fab2a992-3f5c-42bc-816f-e9a65bad1f31,Sanjay Siddiqui,+917241015751,bangalore,blr_yeshwanthpur,three_wheeler,2024-01-01,843,True,verified,True,True,False,True,True,bank,58,0.9434,0.0066,0.0061,0.1526,4.3,0.0132,190.86,10.92,2438,12006.2,0.1059,False,False,False,,
085fe354-ac44-4b67-b8f8-06b224cd8307,Mohan Bhat,+917995037565,bangalore,blr_rajajinagar,two_wheeler,2024-02-07,806,True,verified,True,True,False,True,True,upi,88,0.9401,0.0099,0.0003,0.1297,4.7,0.0495,137.91,13.52,2228,3725.68,0.301,False,False,False,,
4c4ce24b-6c60-4e5d-8f82-117b33d542c3,Babu Hegde,+916396280172,bangalore,blr_marathahalli,three_wheeler,2024-11-27,512,True,verified,True,True,False,True,True,upi,64,0.9359,0.0141,0.0013,0.1321,4.36,0.0271,224.12,18.37,1570,15198.76,0.1986,False,False,False,,
36c3a80c-7d3b-4d84-b0bc-5987b2f47865,Vijay Sharma,+917383497949,bangalore,blr_indiranagar,two_wheeler,2022-09-21,1310,True,verified,True,True,False,True,True,bank,66,0.9268,0.0232,0.0001,0.2104,4.26,0.0523,80.73,8.07,2991,6769.02,0.2719,False,False,False,,
75ef94b4-8406-45d5-9d6c-5e9455b03c0e,Kumar Nayak,+916273318420,bangalore,blr_bannerghatta,three_wheeler,2020-08-22,2070,True,verified,True,True,True,True,True,upi,76,0.9289,0.0211,0.0005,0.0897,4.16,0.0648,145.19,4.84,4476,11312.92,0.0807,False,False,False,,
3f043f0a-f0d9-44f4-87f0-6a167a434318,Ramesh Sharma,+917233424615,bangalore,blr_rajajinagar,truck_17ft,2022-04-06,1478,True,verified,True,True,False,True,True,upi,105,0.9434,0.0066,0.0018,0.2389,3.97,0.0184,1357.31,17.8,3460,58799.51,0.0754,False,False,False,,
a1b5ea8f-c219-4f74-80da-6b42ac85e4bd,Ajay Joshi,+919712798994,bangalore,blr_yeshwanthpur,two_wheeler,2024-07-18,644,True,pending,True,True,False,True,False,bank,38,0.9473,0.0027,0.0001,0.1451,4.0,0.0437,87.38,11.1,1235,3440.6,0.2601,False,False,False,,
901f67f0-42ea-4d8e-ad35-7a60323d1c37,Karthi Naidu,+919597877424,bangalore,blr_btm,two_wheeler,2022-12-16,1224,True,pending,False,True,True,True,True,bank,73,0.9388,0.0112,0.0025,0.1249,4.83,0.0075,88.23,4.39,4843,10932.13,0.149,False,False,False,,
ed953a5a-03a1-4a17-a907-8de3de9010d0,Rohan Gowda,+918582799307,bangalore,blr_btm,truck_17ft,2021-09-01,1695,True,verified,True,True,True,True,True,upi,92,0.9444,0.0056,0.006,0.1767,3.8,0.0237,1384.96,10.52,7201,102301.55,0.0801,False,False,False,,
6efb03f3-d079-44d5-8c1f-968b46b8cc2a,Naveen Chatterjee,+917721892499,bangalore,blr_whitefield,two_wheeler,2026-01-16,97,True,verified,True,True,False,True,True,bank,94,0.9371,0.0129,0.0013,0.1824,4.37,0.0267,79.83,6.02,183,3749.92,0.2974,False,False,False,,
1e5e3401-93ab-447f-a1b5-d96fd5f497a2,Ganesh Ansari,+919774039329,bangalore,blr_koramangala,three_wheeler,2025-04-28,360,True,verified,True,True,False,True,True,bank,56,0.9325,0.0175,0.0047,0.2145,4.11,0.0846,225.42,10.04,855,9104.03,0.0393,False,False,False,,
f2600344-23c8-4125-82df-4ea6e3a082bc,Mukesh Patel,+916746827715,bangalore,blr_hebbal,two_wheeler,2023-06-13,1045,False,verified,True,True,False,True,True,cash,98,0.9158,0.0342,0.0006,0.0924,4.53,0.0308,68.12,4.28,1864,4133.67,0.1787,False,False,False,,
48d06ae3-694e-4dca-992c-3ccc3e487eeb,Paresh Garg,+917710372838,bangalore,blr_indiranagar,truck_17ft,2024-10-28,542,True,verified,True,True,False,True,True,upi,61,0.948,0.002,0.0009,0.2049,3.81,0.0602,1979.47,29.58,1085,61028.11,0.0884,False,False,False,,
e5c96ad8-3235-49ef-ad2c-0d069697e912,Venkatesh Verma,+919806077934,bangalore,blr_hsr,two_wheeler,2024-02-17,796,True,verified,True,True,False,True,True,upi,85,0.9416,0.0084,0.0018,0.2218,4.28,0.0319,80.23,7.33,2413,8342.92,0.1791,False,False,False,,
a19c6969-1d13-4860-b91c-d52a6c6cb499,Manish Khan,+917850556694,bangalore,blr_rajajinagar,three_wheeler,2024-06-26,666,True,expired,True,True,False,True,True,upi,103,0.9344,0.0156,0.0017,0.256,3.87,0.0914,210.59,12.92,1247,7204.86,0.2308,False,False,False,,
cbc53a10-b4ba-4f75-9dee-2e66dad54452,Arjun Chatterjee,+917551254787,bangalore,blr_hsr,mini_truck,2026-01-20,93,True,verified,True,True,False,True,True,upi,120,0.9,0.05,0.0176,0.1591,3.44,0.1545,439.83,18.84,223,22469.87,0.3397,False,False,False,,
e7e1b63a-4aef-4a34-863e-24d4667ef4fe,Vivek Mehta,+916813986240,bangalore,blr_rajajinagar,two_wheeler,2023-08-12,985,True,verified,True,True,True,True,True,bank,94,0.9283,0.0217,0.0015,0.2112,3.5,0.0494,119.92,11.12,2162,4833.46,0.4394,False,False,False,,
9d3d4956-c358-4257-982a-a92f372c5965,Venkatesh Joshi,+918523318503,bangalore,blr_indiranagar,two_wheeler,2025-09-03,232,True,verified,True,True,False,True,True,upi,63,0.9478,0.0022,0.0019,0.2344,4.42,0.0195,127.9,15.0,592,6770.51,0.2898,False,False,False,,
ae2dea90-3ab2-4f18-8739-f49bb65a4a51,Mohammed Shaikh,+918477883784,bangalore,blr_btm,two_wheeler,2025-04-11,377,True,verified,True,True,False,True,True,upi,80,0.9493,0.0007,0.0009,0.0424,4.09,0.0132,150.11,15.0,1083,5266.87,0.2144,False,False,False,,
24a01a3f-0e8e-4dea-a78c-9b9b0ab4c8f1,Mukesh Patel,+916364438511,bangalore,blr_electronic_city,truck_14ft,2026-02-16,66,True,verified,True,True,False,True,True,bank,76,0.9363,0.0137,0.0018,0.2804,4.57,0.0397,1851.15,44.63,147,40938.65,0.3133,False,False,False,,
34ebf30d-ff65-43ab-a620-835b9e01df7a,Ajay Gowda,+916439252572,bangalore,blr_indiranagar,three_wheeler,2025-06-19,308,True,pending,True,True,False,True,True,bank,74,0.9381,0.0119,0.0015,0.2247,4.44,0.0215,306.14,13.15,667,6505.34,0.1989,False,False,False,,
e791af97-c479-4a1e-aed7-a189f3d44f55,Nilesh Mehta,+916658897581,bangalore,blr_hebbal,three_wheeler,2025-08-26,240,True,verified,True,True,False,True,True,upi,93,0.9174,0.0326,0.0009,0.1856,4.26,0.0183,242.56,14.43,469,7946.06,0.1442,False,False,False,,
c92c6b62-488a-4d92-8268-a32eb6af42bd,Anil Garg,+918894351869,bangalore,blr_hsr,two_wheeler,2025-04-15,373,True,verified,True,True,False,True,True,upi,75,0.8848,0.0652,0.0012,0.2989,4.14,0.0088,56.18,3.18,480,2961.46,0.3038,False,False,False,,
1b0d4791-31d5-4548-a7c8-148ecc61d3d0,Satish Raju,+919525083905,bangalore,blr_hebbal,mini_truck,2023-12-07,868,True,verified,True,True,False,True,True,upi,88,0.9179,0.0321,0.004,0.1147,4.91,0.0863,231.78,2.0,2712,14713.33,0.1433,False,False,False,,
a7d2c7ed-21e4-4ed4-abb2-d76f4e6b835b,Ritesh Kulkarni,+918271534559,bangalore,blr_yeshwanthpur,three_wheeler,2025-01-18,460,True,verified,True,True,False,True,True,bank,105,0.919,0.031,0.0032,0.1408,4.17,0.0172,294.17,19.12,646,7566.61,0.271,False,False,False,,
aa396614-c68c-4e79-99a9-c1d91ecb5665,Mohammed Mukherjee,+919168702974,bangalore,blr_yeshwanthpur,two_wheeler,2023-01-06,1203,True,verified,True,True,False,True,True,upi,95,0.9223,0.0277,0.0007,0.2436,3.85,0.014,145.97,13.4,1555,2926.06,0.2364,False,False,False,,
4e599b52-0483-4797-814c-6bb9d944c022,Anil Khan,+916264348526,bangalore,blr_marathahalli,truck_17ft,2021-01-31,1908,True,pending,False,True,False,True,False,upi,59,0.929,0.021,0.0011,0.2422,4.12,0.0189,2827.69,51.15,5496,74958.37,0.1145,False,False,False,,
57cf497c-1b2c-451a-aa20-74b9c87ff315,Venkatesh Menon,+919657449070,bangalore,blr_hebbal,two_wheeler,2020-12-12,1958,True,verified,True,True,True,True,True,cash,90,0.9374,0.0126,0.0022,0.2443,3.91,0.0655,68.95,8.98,6010,5807.1,0.2504,False,False,False,,
ebb8fa6f-12e9-43b7-959f-18aaa4af7d9d,Kiran Shah,+917746261877,bangalore,blr_hebbal,truck_14ft,2020-11-17,1983,True,verified,True,True,False,True,True,upi,72,0.9339,0.0161,0.0005,0.2453,4.38,0.0665,1826.13,45.2,4986,48092.02,0.0547,False,False,False,,
17dc3854-7159-44bc-8f63-89bfffefaca5,Imran Siddiqui,+918658353217,bangalore,blr_yeshwanthpur,mini_truck,2022-07-03,1390,True,verified,True,True,True,True,True,upi,85,0.9413,0.0087,0.002,0.0696,3.91,0.0554,329.5,7.58,2022,11546.04,0.1378,False,False,False,,
7d2c43c5-b8ed-4a4a-8f6c-6001c4d1c357,Harish Patil,+918782228728,bangalore,blr_indiranagar,two_wheeler,2025-07-20,277,True,pending,True,False,False,True,False,bank,89,0.9408,0.0092,0.0026,0.2082,4.32,0.0125,91.68,7.57,917,7250.93,0.3239,False,False,True,,
573fa94d-a79c-4363-b3eb-a9032adb5161,Babu Jain,+917286507952,bangalore,blr_whitefield,two_wheeler,2024-12-21,488,True,verified,True,True,False,True,True,cash,80,0.9414,0.0086,0.0001,0.1311,4.31,0.0335,55.7,4.55,1428,5543.05,0.2948,False,False,False,,
4761b041-4059-4f23-8c86-f59f248a39bd,Vivek Bhat,+916180168700,bangalore,blr_hsr,two_wheeler,2020-09-30,2031,True,verified,True,True,True,True,True,upi,113,0.9312,0.0188,0.0034,0.1762,4.04,0.0266,139.2,15.0,4677,5728.43,0.2925,False,False,False,,
39e3e759-f01a-4223-b138-ef2c799a3166,Thirumalai Shah,+916871968057,bangalore,blr_koramangala,two_wheeler,2022-08-03,1359,True,pending,True,True,False,True,True,bank,48,0.9318,0.0182,0.0031,0.2772,3.83,0.0013,59.93,5.46,2047,4171.32,0.3385,False,False,False,,
d96e2baa-7cb8-4a01-b4a8-6eb4f1649a51,Kishan Bansal,+918914118700,bangalore,blr_whitefield,two_wheeler,2024-06-03,689,True,verified,True,True,False,True,True,bank,60,0.7811,0.1689,0.0218,0.3595,3.72,0.1256,78.69,6.03,1660,6268.53,0.4778,False,False,False,,
f6995b03-d976-46cf-940f-f6a10e44d0f5,Paresh Hegde,+919388580969,bangalore,blr_indiranagar,two_wheeler,2024-11-30,509,True,verified,True,True,False,True,True,upi,90,0.943,0.007,0.0,0.1803,4.24,0.038,131.02,8.08,1037,4527.56,0.2298,False,False,False,,
da4ebe01-9c20-48c9-a59f-23dc6cb0bda5,Ibrahim Chatterjee,+918781689445,bangalore,blr_btm,truck_14ft,2025-07-30,267,True,verified,True,True,False,True,True,upi,55,0.9313,0.0187,0.0049,0.2133,4.56,0.0633,1377.94,24.4,816,54537.23,0.1164,False,False,False,,
848f191b-631f-4d79-9b5e-a72698b3c06f,Girish Bhat,+919419963510,bangalore,blr_hebbal,truck_17ft,2025-01-06,472,True,verified,True,True,False,True,True,upi,72,0.9345,0.0155,0.0008,0.2134,4.58,0.0186,3141.4,51.74,552,29908.38,0.0101,False,False,False,,
f7548c6a-8885-470a-99a4-5c0e1e01176a,Nilesh Sharma,+919267628156,bangalore,blr_btm,three_wheeler,2024-06-13,679,True,unverified,True,True,False,True,True,upi,92,0.9395,0.0105,0.0002,0.0889,4.49,0.0495,236.08,12.28,1525,9618.25,0.0018,False,False,False,,
290feecf-e6bf-470b-91ed-4c2cc8357e33,Kishan Raju,+917314790071,bangalore,blr_jayanagar,mini_truck,2020-09-26,2035,True,verified,True,True,True,True,True,bank,48,0.9354,0.0146,0.0008,0.1934,3.93,0.0195,522.76,13.68,4241,18780.98,0.0815,False,False,False,,
0a2ff6b3-df66-4361-90b5-8087da21a43e,Naresh Singh,+918499749286,bangalore,blr_indiranagar,three_wheeler,2023-11-03,902,True,verified,True,True,True,True,True,upi,79,0.9358,0.0142,0.0006,0.2046,4.38,0.0165,220.82,14.36,1956,9986.69,0.1104,False,False,False,,
a9a988a7-252b-4853-b909-b9d9886f3a57,Ashok Garg,+916415482847,bangalore,blr_yeshwanthpur,truck_17ft,2025-09-27,208,True,verified,True,True,False,True,True,upi,55,0.9416,0.0084,0.0087,0.2093,4.2,0.006,1769.92,41.17,523,75411.77,0.0,False,False,False,,
8a85ea0b-3f55-444e-a1f3-2f2ee7aed86f,Mohammed Khan,+916866681973,bangalore,blr_marathahalli,two_wheeler,2022-08-27,1335,True,expired,True,False,False,False,True,cash,52,0.9406,0.0094,0.0033,0.1578,4.24,0.0171,42.14,1.95,1840,3527.23,0.297,False,False,True,,
8ef58cb7-21d5-46ce-9b72-d93befaf4d58,Rajan Gowda,+916408986422,bangalore,blr_hebbal,two_wheeler,2021-04-29,1820,False,verified,True,True,True,True,True,upi,84,0.9322,0.0178,0.0025,0.1196,4.68,0.1418,116.13,9.81,4285,4939.89,0.2151,True,False,False,,
d3134f83-f8c5-45a7-b165-7ad475f2e772,Babu Shah,+918534474246,bangalore,blr_yeshwanthpur,mini_truck,2020-07-15,2108,True,unverified,True,True,True,True,True,upi,47,0.9307,0.0193,0.0017,0.1862,4.47,0.0593,510.68,20.15,4946,19950.98,0.0997,False,False,False,,
d0044e0e-346d-45d2-9859-3eb055ef9a8e,Prakash Raju,+918561012695,bangalore,blr_rajajinagar,two_wheeler,2021-02-25,1883,True,unverified,True,True,True,True,True,upi,66,0.9399,0.0101,0.002,0.1402,3.82,0.0065,125.34,11.91,5128,8933.68,0.0652,False,False,False,,
7ea10d40-117d-41f1-9205-83b3303cf8a6,Nilesh Patel,+918895688377,bangalore,blr_btm,three_wheeler,2025-06-15,312,True,verified,True,True,False,True,True,bank,101,0.9354,0.0146,0.0019,0.1861,3.94,0.0913,261.61,18.68,515,6587.61,0.2243,False,False,False,,
599e404a-f9c7-4434-bc1f-f5d905839f07,Lokesh Chatterjee,+919625872916,bangalore,blr_electronic_city,two_wheeler,2025-11-27,147,True,verified,True,True,False,True,True,upi,47,0.9381,0.0119,0.0094,0.1331,4.2,0.0047,123.48,9.43,309,4738.25,0.2051,False,False,False,,
40a9bc2f-feb2-4483-83dc-29610e575c7b,Praveen Shah,+917915235621,bangalore,blr_hsr,mini_truck,2023-07-31,997,True,verified,True,True,False,True,True,cash,91,0.9344,0.0156,0.0004,0.2099,4.48,0.0184,284.36,7.09,2296,21812.42,0.0966,False,False,False,,
cf475fe4-4755-4d4e-a655-816bb0ca49b9,Ritesh Menon,+918916920048,bangalore,blr_hsr,two_wheeler,2021-08-14,1713,True,verified,True,True,False,True,True,upi,58,0.9305,0.0195,0.0003,0.1836,3.84,0.0731,126.1,9.65,5240,8118.89,0.1846,False,False,False,,
06b7f66f-14e3-41a7-8138-206cd5d1bcd3,Naveen Yadav,+917814953174,bangalore,blr_bannerghatta,two_wheeler,2023-04-27,1092,True,pending,True,True,False,True,True,bank,80,0.9463,0.0037,0.0003,0.1865,4.4,0.0949,103.04,12.1,2092,4538.5,0.1324,False,False,False,,
c52e9322-1185-4d51-ab34-2d6013df93b9,Mani Agarwal,+916360457004,bangalore,blr_yeshwanthpur,two_wheeler,2024-07-13,649,True,verified,True,True,False,True,True,bank,37,0.9415,0.0085,0.0004,0.1494,4.25,0.0972,67.62,4.81,1604,4425.72,0.2777,False,False,False,,
c0bebcab-a4c1-4b97-9491-365dda2ac093,Deepak Nayak,+917145939837,bangalore,blr_btm,mini_truck,2025-04-18,370,True,verified,True,True,False,True,True,upi,59,0.9372,0.0128,0.0011,0.0988,4.47,0.0142,719.56,27.47,1055,19505.99,0.1819,False,False,False,,
35bb254e-9a7f-40f5-8de9-fc5db608a1d0,Karthi Gowda,+918431496479,bangalore,blr_marathahalli,mini_truck,2025-01-03,475,True,verified,True,True,False,True,True,upi,100,0.9271,0.0229,0.0003,0.1731,4.18,0.0038,478.89,10.96,1799,28489.9,0.0,False,False,False,,
7b73e9c9-f57d-4329-b35a-412609d251a4,Vinod Verma,+917141103657,bangalore,blr_marathahalli,two_wheeler,2022-08-31,1331,True,verified,True,True,False,True,True,cash,83,0.9461,0.0039,0.0007,0.2132,4.31,0.0721,99.89,9.6,2887,4459.9,0.208,False,False,False,,
17b4f536-51a2-410e-bd14-af40e4b4757c,Ajay Siddiqui,+916454702107,bangalore,blr_bannerghatta,mini_truck,2024-04-17,736,True,unverified,True,False,False,True,False,upi,45,0.9462,0.0038,0.0043,0.1198,4.54,0.0157,255.99,8.31,3372,32823.48,0.0734,True,False,True,,
2758e917-e92b-4b4d-a9b7-54c67f69c068,Umesh Singh,+919249628143,bangalore,blr_hebbal,mini_truck,2026-03-04,50,True,verified,True,True,False,True,True,upi,67,0.9283,0.0217,0.0007,0.1934,4.13,0.0217,746.69,29.38,118,20706.33,0.3126,False,False,False,,
032156f1-1f12-48ce-af5a-57b8b7bf59a6,Mani Menon,+917611155100,bangalore,blr_yeshwanthpur,three_wheeler,2025-12-28,116,True,verified,True,True,False,True,True,upi,48,0.9397,0.0103,0.0027,0.214,4.3,0.0725,434.49,20.0,270,10363.29,0.0845,False,False,False,,
ebf8f4c0-294f-44a2-bf74-4d74a5f7ae55,Mukesh Mukherjee,+918334148332,bangalore,blr_bannerghatta,three_wheeler,2025-07-02,295,True,verified,True,True,False,True,True,upi,88,0.9477,0.0023,0.0017,0.1578,4.39,0.0272,178.94,7.88,619,9088.41,0.093,False,False,False,,
c5784a06-ec83-46fc-98a6-0b2f2a4d07b5,Venkatesh Ansari,+918399083896,bangalore,blr_whitefield,two_wheeler,2022-07-10,1383,True,verified,True,True,False,True,True,upi,68,0.9271,0.0229,0.0002,0.0904,3.91,0.0797,95.11,6.88,3496,5110.7,0.2312,False,False,False,,
25e3f0ee-2991-4998-bbc0-d43028cdbdfb,Ramesh Kulkarni,+916466412774,bangalore,blr_rajajinagar,three_wheeler,2021-12-16,1589,False,verified,True,True,False,True,True,cash,90,0.9222,0.0278,0.0035,0.2241,4.58,0.0068,407.87,18.04,4284,13381.13,0.1012,False,False,False,,
7755041d-82cf-4cfd-ac60-30718b401c2a,Krishan Shukla,+916941744983,bangalore,blr_btm,two_wheeler,2025-07-24,273,True,verified,True,True,False,True,True,cash,44,0.9243,0.0257,0.0005,0.1743,4.19,0.045,78.23,7.99,829,6097.23,0.1838,False,False,False,,
d3cad613-ddbf-4cdb-b7f9-c67097869325,Ravi Jain,+919635091567,bangalore,blr_electronic_city,three_wheeler,2025-12-31,113,True,verified,True,True,False,True,True,upi,71,0.9418,0.0082,0.0009,0.1973,4.42,0.053,163.29,7.92,272,8489.78,0.043,False,False,False,,
862e0098-7754-411e-ae8c-3952cf70d7b3,Mahesh Joshi,+919742578774,bangalore,blr_whitefield,two_wheeler,2023-12-15,860,True,verified,True,True,False,True,True,upi,94,0.936,0.014,0.0034,0.2296,4.21,0.0025,115.97,10.19,2209,4996.08,0.2815,False,False,False,,
0858e470-8d31-420f-b951-27144e4bd531,Umesh Mukherjee,+918246045043,bangalore,blr_whitefield,mini_truck,2024-03-25,759,True,verified,True,True,False,True,True,upi,61,0.9481,0.0019,0.0013,0.288,4.32,0.056,513.84,16.93,2262,17625.65,0.095,False,False,False,,
3b4d4e71-b0c2-4104-a980-3ca68f2b4a98,Rohan Shukla,+916377649922,bangalore,blr_electronic_city,mini_truck,2025-05-30,328,True,verified,True,True,False,True,True,bank,115,0.9399,0.0101,0.0012,0.2796,4.39,0.0118,587.44,19.0,885,25719.87,0.0398,False,False,False,,
67b717d0-8c74-47ec-b663-8dce2f8b91b9,Sunil Tiwari,+916407626662,bangalore,blr_btm,two_wheeler,2025-12-01,143,True,unverified,False,True,False,True,True,bank,30,0.9433,0.0067,0.0004,0.2369,4.25,0.1408,118.55,8.1,675,10410.31,0.1303,False,False,False,,
85d5f982-fdfd-49e9-a176-02a4c68f8a40,Mani Shukla,+918260874295,bangalore,blr_rajajinagar,two_wheeler,2023-06-22,1036,True,verified,True,True,False,True,True,upi,86,0.9187,0.0313,0.0049,0.2009,4.44,0.0055,89.24,7.24,2184,5494.31,0.2346,False,False,False,,
94bbfad7-7ec4-445f-a7df-f94c81675e8a,Vinod Tiwari,+916963859984,bangalore,blr_marathahalli,two_wheeler,2024-09-04,596,False,unverified,True,False,False,True,True,upi,84,0.936,0.014,0.0015,0.1597,4.19,0.0781,103.23,7.59,884,3438.74,0.2811,False,False,True,,
4f592b6a-870a-473b-90d9-fd2cf0f03417,Rohan Khan,+917623049347,bangalore,blr_koramangala,truck_14ft,2024-08-15,616,True,verified,True,True,True,True,True,upi,66,0.6542,0.2958,0.0777,0.661,3.12,0.225,678.32,4.0,1981,63062.74,0.2661,False,False,False,RING_BAN_002,leader
197a6f05-a1fa-495d-9541-ff80df36eb6a,Nilesh Rao,+916899531450,bangalore,blr_rajajinagar,two_wheeler,2021-09-27,1669,True,pending,True,True,False,True,True,upi,36,0.924,0.026,0.0002,0.1887,4.43,0.0284,103.95,7.17,3561,3817.6,0.2174,False,False,False,,
3528ad7b-60c8-4396-b480-8d7a76a4a9af,Rakesh Mishra,+919911226946,bangalore,blr_yeshwanthpur,two_wheeler,2024-01-17,827,True,pending,True,True,False,True,True,upi,59,0.9413,0.0087,0.0009,0.0517,4.69,0.0274,61.93,3.2,2153,5455.27,0.2654,False,False,False,,
8a0a44e3-6936-41e4-8db4-f2526084511d,Rakesh Siddiqui,+918662777369,bangalore,blr_indiranagar,two_wheeler,2025-09-12,223,True,verified,True,True,False,True,True,bank,75,0.9291,0.0209,0.0104,0.1965,3.96,0.1256,132.07,11.55,820,7245.53,0.2348,False,False,False,,
e78d8da9-e4aa-478a-af6f-479cdecef30d,Thirumalai Gupta,+917883533764,bangalore,blr_marathahalli,two_wheeler,2023-02-09,1169,True,verified,True,True,False,True,True,upi,101,0.941,0.009,0.0018,0.0816,4.15,0.0918,70.79,7.14,5334,8117.8,0.0579,False,False,False,,
0752d990-9b15-429c-90a0-216e13c95c95,Selvam Nayak,+917323742487,bangalore,blr_hsr,two_wheeler,2023-06-11,1047,True,verified,True,True,False,True,True,upi,59,0.9489,0.0011,0.0081,0.1788,3.84,0.0543,82.78,6.9,2160,4541.75,0.2146,False,False,False,,
ba45e0a4-2481-4422-a705-449e1ae75ccc,Basavaraj Patil,+918847287638,bangalore,blr_btm,two_wheeler,2021-02-03,1905,True,verified,True,True,False,True,True,upi,53,0.9191,0.0309,0.0013,0.1252,4.52,0.0224,42.74,3.07,5819,7629.35,0.187,True,False,False,,
c52c01f6-db55-4742-a2de-68be4c947cc5,Salman Reddy,+917837630112,bangalore,blr_indiranagar,two_wheeler,2020-09-15,2046,True,verified,True,True,False,True,True,upi,68,0.9469,0.0031,0.0052,0.1549,4.64,0.0613,68.27,3.65,3926,4844.81,0.2316,False,False,False,,
f50e429e-7cca-4c4f-a1cc-8cac00f951c7,Anil Gowda,+917956799578,bangalore,blr_electronic_city,three_wheeler,2022-02-06,1537,True,verified,True,True,False,True,True,upi,25,0.9419,0.0081,0.001,0.1779,4.25,0.0164,164.98,10.09,3037,10562.8,0.0448,False,False,False,,
4a90673d-7036-49d1-b791-f1b41c668d99,Babu Agarwal,+918770042618,bangalore,blr_whitefield,truck_17ft,2024-06-09,683,False,pending,True,True,False,True,True,bank,98,0.933,0.017,0.0114,0.1503,4.53,0.0343,1962.51,41.33,1235,49109.34,0.0318,False,False,False,,
d37adaca-f7d5-43ec-8cd0-7e6d688ecfb8,Lokesh Shetty,+917741759785,bangalore,blr_yeshwanthpur,two_wheeler,2025-09-14,221,True,verified,True,True,False,True,True,upi,38,0.9341,0.0159,0.0037,0.1847,4.36,0.049,116.37,10.32,507,4664.04,0.2605,False,False,False,,
4a54489b-d0f4-4429-83a8-dff6ba8442e5,Ritesh Mehta,+919746786129,bangalore,blr_jayanagar,two_wheeler,2025-10-25,180,True,verified,True,True,False,True,True,upi,83,0.9382,0.0118,0.0026,0.1668,4.11,0.0308,32.07,1.0,664,8051.87,0.1111,False,False,False,,
2958cafe-c3de-4a39-958b-01aecf78bfd8,Ramesh Yadav,+918233729164,bangalore,blr_hsr,two_wheeler,2021-11-04,1631,False,verified,True,True,False,True,True,upi,95,0.9372,0.0128,0.0002,0.189,4.32,0.0154,76.47,6.41,1905,2886.06,0.2989,False,False,False,,
a9d2bec4-02ca-490a-9ece-a287b5f4004a,Mohammed Garg,+917261252517,bangalore,blr_bannerghatta,truck_14ft,2024-04-22,731,False,verified,True,True,False,True,True,upi,90,0.9367,0.0133,0.004,0.2502,4.31,0.0682,2040.51,38.18,2311,56573.84,0.1211,False,False,False,,
7ff9d6ea-b23d-48cd-9393-bab81a90220b,Krishan Pillai,+919182742336,bangalore,blr_rajajinagar,truck_17ft,2022-12-31,1209,True,pending,True,True,False,True,True,bank,83,0.8,0.15,0.0837,0.3968,3.74,0.3604,1339.74,8.0,1814,42338.3,0.3477,False,False,False,,
4aa601fb-d611-4e7b-8e90-e0bbe13093e9,Prakash Siddiqui,+918491696928,bangalore,blr_electronic_city,two_wheeler,2023-07-24,1004,True,verified,True,True,False,True,True,upi,59,0.9382,0.0118,0.0029,0.1972,4.35,0.0863,132.8,15.0,2542,5802.4,0.2003,False,False,False,,
6a9d782b-5588-4dbe-adaf-f05514e0af42,Santosh Iyer,+919694770629,bangalore,blr_hebbal,mini_truck,2021-06-15,1773,True,verified,True,True,False,True,True,upi,49,0.9436,0.0064,0.0014,0.1382,4.74,0.0164,437.47,13.71,8180,32918.63,0.0532,False,False,False,,
1cfe8fc0-5bc6-4b41-bc27-bf0326be969e,Rohan Yadav,+916329171349,bangalore,blr_btm,mini_truck,2025-06-23,304,True,verified,True,True,False,True,True,cash,48,0.9421,0.0079,0.0016,0.1089,4.39,0.0327,554.63,17.41,949,27747.27,0.1054,False,False,False,,
d70acb6d-641f-4e2e-acb5-584d233f6b12,Naresh Kumar,+919128814763,bangalore,blr_marathahalli,three_wheeler,2022-08-30,1332,True,verified,True,True,True,True,True,bank,84,0.9442,0.0058,0.0068,0.2899,4.37,0.0524,217.12,10.52,3666,11021.1,0.0666,False,False,False,,
55f56862-29d6-44d4-a033-e2aa8ca2de3e,Vivek Bhat,+918207606771,bangalore,blr_indiranagar,three_wheeler,2024-10-24,546,True,verified,True,True,False,True,True,upi,55,0.9312,0.0188,0.0023,0.178,4.69,0.0392,249.45,17.25,1063,8878.2,0.1366,False,False,False,,
4fbc5c69-618d-4b9b-86bc-d55d10f9ef2b,Kiran Mishra,+919867030736,bangalore,blr_koramangala,truck_17ft,2023-06-06,1052,True,verified,True,True,True,True,True,upi,68,0.9316,0.0184,0.0033,0.2131,4.69,0.0717,1306.95,20.44,1923,45863.34,0.1515,False,False,False,,
57e410eb-7118-43f4-9a90-9691eb844fc2,Krishan Joshi,+919475059240,bangalore,blr_hebbal,two_wheeler,2020-10-20,2011,True,verified,True,True,True,True,True,cash,76,0.9484,0.0016,0.0032,0.2172,4.38,0.0008,131.76,9.76,5430,5916.53,0.2494,False,False,False,,
039f5f3d-d597-4344-83f6-c76b482cc317,Ganesh Tiwari,+917212066395,bangalore,blr_marathahalli,two_wheeler,2025-08-24,242,True,verified,True,True,False,True,True,upi,72,0.8982,0.0518,0.0017,0.2016,4.37,0.0497,45.73,2.89,520,5576.8,0.3011,False,False,False,,
3bfe03ad-b57c-4247-a112-a65110e383d0,Krishan Shah,+918341751356,bangalore,blr_hsr,two_wheeler,2024-09-18,582,True,pending,False,True,True,True,True,bank,63,0.9435,0.0065,0.0007,0.1863,4.27,0.0258,72.12,5.66,2305,9695.45,0.1622,False,False,False,,
b19ef773-c924-4ee2-aa1c-e51bb71e72de,Ritesh Nayak,+919171731460,bangalore,blr_btm,two_wheeler,2025-01-16,462,True,verified,True,True,False,True,True,bank,48,0.9327,0.0173,0.0056,0.1994,3.75,0.0541,87.91,6.23,806,5404.96,0.3992,False,False,False,,
973745dc-112b-4a9a-8a14-1394c5064e30,Mohan Desai,+918597173097,bangalore,blr_bannerghatta,two_wheeler,2023-03-25,1125,True,verified,True,True,False,True,True,bank,63,0.9409,0.0091,0.0021,0.2408,4.69,0.0062,113.23,11.01,3956,7191.58,0.2895,True,True,False,,
3f108088-2fd2-437f-97cd-df98d361d136,Selvam Babu,+916574684119,bangalore,blr_marathahalli,two_wheeler,2024-03-19,765,True,unverified,True,True,False,True,True,upi,43,0.9483,0.0017,0.0045,0.1905,4.41,0.0747,80.91,6.54,3176,6957.35,0.2137,False,False,False,,
60736404-55ad-4b52-b7de-619f204148ba,Imran Joshi,+916428481386,bangalore,blr_jayanagar,truck_17ft,2024-06-08,684,True,unverified,True,True,False,False,True,upi,95,0.6915,0.2585,0.081,0.4092,2.81,0.2535,2401.6,77.37,2302,94280.96,0.3053,False,False,True,,solo
c1eff1de-dd85-43bd-840a-24eea2b229d3,Abdul Mehta,+916980124299,bangalore,blr_bannerghatta,two_wheeler,2024-07-28,634,True,verified,True,True,False,True,True,bank,96,0.9,0.05,0.01,0.4333,4.43,0.1287,72.32,7.89,1076,2437.88,0.2737,False,False,False,,
88d6c9b4-d2a2-4b28-9560-8808aa511ecb,Nilesh Chatterjee,+918334168278,bangalore,blr_hsr,truck_14ft,2025-08-11,255,True,verified,True,True,False,True,True,bank,54,0.9406,0.0094,0.0059,0.1805,4.4,0.0522,1816.14,44.94,794,63565.24,0.1388,False,False,False,,
2c66a372-7a85-41e0-8f2c-a19865eee8a7,Rohan Khan,+919181335525,bangalore,blr_bannerghatta,three_wheeler,2026-01-31,82,True,verified,True,True,False,True,True,upi,48,0.9453,0.0047,0.0036,0.1801,4.31,0.0208,343.46,17.43,73,4107.64,0.4486,False,False,False,,
0306994c-ee0d-4be8-95dd-3ea69684babe,Sanjay Sharma,+917301342434,bangalore,blr_indiranagar,truck_14ft,2024-05-18,705,True,pending,False,True,False,True,False,bank,76,0.9208,0.0292,0.0044,0.1637,3.92,0.0398,1679.82,34.51,1917,48694.91,0.1479,True,False,False,,
ad28deba-7865-40a1-9610-c6f41e48e4fb,Satish Bansal,+916499437519,bangalore,blr_rajajinagar,two_wheeler,2021-12-26,1579,True,verified,True,True,False,True,True,upi,92,0.9261,0.0239,0.0,0.1016,4.22,0.0154,62.92,4.01,5372,7009.23,0.3299,False,False,False,,
2d324537-f650-4eea-960d-6cfe2fbf941e,Babu Garg,+917824934880,bangalore,blr_koramangala,two_wheeler,2026-03-08,46,True,unverified,True,True,False,False,True,cash,53,0.9037,0.0463,0.002,0.1302,4.49,0.0166,119.17,12.44,119,6147.71,0.4602,False,False,True,,
9acc30b7-6f11-45a5-8b9a-20bc15be9676,Salman Hegde,+918379321592,bangalore,blr_jayanagar,truck_17ft,2021-02-22,1886,True,verified,True,True,False,True,True,upi,68,0.9442,0.0058,0.0003,0.0851,4.69,0.0179,2596.05,52.42,5137,88813.03,0.0978,False,False,False,,
8298bd45-3b13-46af-b018-218ce66d89ba,Venkatesh Tiwari,+917283799829,bangalore,blr_electronic_city,mini_truck,2023-10-05,931,True,unverified,False,True,False,True,True,upi,102,0.9314,0.0186,0.0014,0.2145,4.56,0.0304,447.35,15.38,1890,17318.81,0.0605,True,False,False,,
e7d8ea0a-431a-422b-9da2-4af3827c22e5,Mani Siddiqui,+916338236110,bangalore,blr_indiranagar,two_wheeler,2022-03-18,1497,True,verified,True,True,False,True,True,bank,40,0.9,0.05,0.0172,0.4055,3.08,0.0826,91.59,7.65,3546,5461.58,0.4272,False,False,False,,
0f5297fd-9b79-4c60-894c-2bff6150bc67,Krishan Reddy,+918109034894,bangalore,blr_bannerghatta,mini_truck,2022-04-08,1476,True,verified,True,True,True,True,True,upi,45,0.9303,0.0197,0.0006,0.3018,4.18,0.0592,277.05,2.0,4334,20890.63,0.1412,False,False,False,,
9eea3c1e-7ecb-4ce7-aac5-a553d653032d,Salman Reddy,+916989226940,bangalore,blr_electronic_city,mini_truck,2022-05-30,1424,True,verified,True,True,False,True,True,upi,75,0.9391,0.0109,0.0009,0.1567,3.78,0.0463,561.28,18.33,2432,14870.52,0.3432,False,False,False,,
c7d89494-ce4e-40c6-9a20-98c91b213838,Suresh Iyer,+919935939954,bangalore,blr_bannerghatta,mini_truck,2024-07-10,652,True,unverified,False,True,False,True,True,bank,97,0.7782,0.1718,0.0174,0.4012,4.49,0.2564,601.13,19.09,1916,20625.8,0.0975,False,False,False,,
1776044a-5ab4-4113-b2bf-c0702624cde3,Naresh Patil,+916613549140,bangalore,blr_marathahalli,two_wheeler,2023-12-10,865,True,pending,True,True,False,True,True,upi,70,0.9303,0.0197,0.0008,0.1942,3.75,0.0872,110.14,7.06,2757,6592.5,0.3358,False,False,False,,
e1d43188-e6e0-4b2f-9f7c-723b8d1d0ddd,Naveen Reddy,+918536349591,bangalore,blr_btm,truck_17ft,2023-09-23,943,True,verified,True,True,True,True,True,upi,59,0.9238,0.0262,0.0013,0.1671,4.94,0.006,1801.33,24.93,2458,67458.76,0.0932,False,False,False,,
481337c6-a1c3-4a51-9c22-c21800e9c3ba,Shivakumar Shaikh,+918782933611,bangalore,blr_hebbal,two_wheeler,2025-08-19,247,True,verified,True,True,False,True,True,upi,108,0.9485,0.0015,0.0016,0.1975,4.55,0.0402,65.2,5.3,503,4141.22,0.2384,False,False,False,,
d9becbdd-316e-4109-8c1b-bfd61e4539a3,Salman Pandey,+918834209975,bangalore,blr_electronic_city,mini_truck,2021-02-16,1892,True,verified,True,True,True,True,True,bank,65,0.8,0.15,0.05,0.4022,3.68,0.2452,737.58,27.16,3549,16842.48,0.2899,False,False,False,,
68140d4f-b08a-4ced-b7bd-9419c5c62343,Basavaraj Shah,+917418943471,bangalore,blr_hsr,three_wheeler,2025-06-07,320,True,verified,True,True,False,True,True,upi,89,0.8912,0.0588,0.0065,0.1896,4.35,0.056,88.18,6.96,739,9378.62,0.0246,False,False,False,,
9c6ca843-3562-4191-a805-e9f414731e02,Ravi Siddiqui,+917827939395,bangalore,blr_whitefield,truck_17ft,2021-10-31,1635,True,verified,True,True,True,True,True,upi,13,0.8444,0.1056,0.0179,0.3164,4.34,0.1449,2580.21,49.59,3106,52256.32,0.0384,False,False,False,,
7aa70865-bebd-4ab3-8378-1c29b62dc348,Murugan Gupta,+917596516840,bangalore,blr_marathahalli,truck_14ft,2023-10-15,921,True,unverified,True,True,False,True,True,cash,83,0.9381,0.0119,0.0046,0.2199,4.41,0.027,2021.12,43.01,3051,63659.63,0.1644,False,False,False,,
3ec1e1ce-4ff7-4704-afa1-4490a3e63911,Ritesh Dubey,+917615089134,bangalore,blr_indiranagar,mini_truck,2022-08-23,1339,True,verified,True,True,False,True,True,bank,56,0.9042,0.0458,0.0066,0.2691,4.59,0.0548,530.69,17.55,5348,34621.85,0.0494,False,False,False,,
c2322af2-e5b7-48d1-a438-1716ae9ef010,Mohammed Sharma,+917348082881,bangalore,blr_jayanagar,truck_14ft,2022-09-13,1318,True,verified,True,True,True,True,True,bank,114,0.9479,0.0021,0.0007,0.2357,4.56,0.002,1977.37,59.84,3060,41906.05,0.054,False,False,False,,
09ee1703-d9e4-4a35-8c02-964802010595,Ajay Naidu,+916703888787,bangalore,blr_whitefield,three_wheeler,2023-08-21,976,True,verified,True,True,False,True,True,upi,61,0.9191,0.0309,0.0032,0.2312,4.31,0.0444,159.51,10.86,3010,12634.46,0.0,False,False,False,,
a8b95104-1ee0-4324-b322-f9c423e29298,Kishan Ghosh,+917217842958,bangalore,blr_indiranagar,two_wheeler,2024-04-22,731,True,unverified,False,True,False,True,True,upi,45,0.9384,0.0116,0.004,0.2557,4.36,0.0259,158.68,12.44,2045,5320.46,0.2349,False,False,False,,
96c1c8ae-93a9-42c8-acd6-e468c3610a1e,Senthil Tiwari,+917665967162,bangalore,blr_yeshwanthpur,two_wheeler,2024-03-24,760,True,verified,True,True,False,True,True,upi,91,0.944,0.006,0.0023,0.1756,4.19,0.0411,127.69,9.64,2772,6523.99,0.2246,False,False,False,,
2b15772e-3c32-4f5b-93e2-2ebb1ec0bb07,Babu Sharma,+918127949752,bangalore,blr_indiranagar,three_wheeler,2024-09-16,584,True,verified,True,True,False,True,True,bank,80,0.9118,0.0382,0.0019,0.2017,3.83,0.0251,302.86,15.71,1876,13746.94,0.1136,False,False,False,,
c42fc52a-866a-4502-ac3a-4b23859d7149,Arjun Babu,+916538567848,bangalore,blr_rajajinagar,mini_truck,2025-11-18,156,True,verified,True,True,False,True,True,bank,58,0.9352,0.0148,0.0009,0.1617,3.63,0.0465,758.55,22.45,445,18880.0,0.3895,False,False,False,,
c5c0a747-8f9f-4a29-94b0-9ac98bd77827,Krishan Joshi,+918218114483,bangalore,blr_whitefield,two_wheeler,2022-11-04,1266,True,unverified,True,True,False,True,True,upi,57,0.9326,0.0174,0.0028,0.1561,4.71,0.01,81.74,6.5,3490,6129.4,0.3477,False,False,False,,
cacbba53-4715-493b-ab26-660534d18a55,Murugan Rao,+918147007637,bangalore,blr_jayanagar,truck_17ft,2026-02-25,57,True,verified,True,True,False,True,True,cash,100,0.933,0.017,0.0031,0.3212,4.52,0.0135,2200.75,40.94,105,40200.29,0.3652,False,False,False,,
9fd116eb-bd27-4649-93e7-bcf3994ebca9,Naveen Singh,+916646465532,bangalore,blr_yeshwanthpur,two_wheeler,2026-01-19,94,True,pending,False,False,False,False,True,bank,63,0.9441,0.0059,0.0022,0.1608,4.19,0.0422,130.2,12.47,225,5366.08,0.2653,False,False,True,,
b055ce0e-ee6b-456a-9281-9274a3ca32b5,Mani Singh,+919749146371,bangalore,blr_bannerghatta,three_wheeler,2021-06-10,1778,True,verified,True,True,False,True,True,upi,64,0.9235,0.0265,0.0008,0.1213,3.86,0.0068,141.33,7.19,4738,9864.9,0.1201,False,False,False,,
02e8536d-d841-4a68-aa49-399023c16e08,Ritesh Bhat,+918163171403,bangalore,blr_whitefield,two_wheeler,2021-08-28,1699,True,verified,True,True,True,True,True,upi,38,0.9145,0.0355,0.0042,0.348,4.16,0.0744,94.52,9.49,3654,4464.11,0.1674,False,True,False,,
1f1b96c7-c3e5-4f17-a0f3-588956dffe67,Vijay Verma,+918932776603,bangalore,blr_hebbal,two_wheeler,2023-07-22,1006,True,pending,True,True,False,True,True,bank,91,0.9393,0.0107,0.0032,0.1734,3.75,0.0261,157.63,15.0,1822,4099.83,0.4945,False,False,False,,
3ce1ebde-50b3-49ed-b42f-9dfdcbbfbe4c,Vivek Siddiqui,+918416393351,bangalore,blr_marathahalli,mini_truck,2021-04-04,1845,True,verified,True,True,True,True,True,upi,26,0.9432,0.0068,0.001,0.1008,4.46,0.0341,550.77,20.31,5201,21035.72,0.0783,False,False,False,,
1b1ceb9c-ffdc-4b83-bb7d-dca69200854d,Girish Sharma,+916834071524,bangalore,blr_electronic_city,two_wheeler,2024-05-30,693,True,unverified,True,True,False,True,True,upi,65,0.7955,0.1545,0.1399,0.7268,2.32,0.2593,95.59,9.62,1411,4611.66,0.4789,False,False,False,,
61e842e5-fc6a-4940-b206-6f91f67798ad,Dinesh Bhat,+917821156514,bangalore,blr_hebbal,two_wheeler,2023-10-25,911,True,verified,True,True,True,True,True,upi,80,0.9326,0.0174,0.001,0.1891,4.05,0.0247,97.43,12.1,2349,5731.13,0.2571,False,False,False,,
3c750316-9e51-4963-a03f-ccc255f7dde9,Sanjay Swamy,+919986209432,bangalore,blr_bannerghatta,two_wheeler,2021-01-15,1924,True,pending,False,True,False,True,True,upi,73,0.8993,0.0507,0.0028,0.2639,4.24,0.0345,55.61,3.1,6564,7922.92,0.276,False,False,False,,
baf6dd0c-fb19-4556-a67d-15a15783fd6d,Karthi Tiwari,+918606532385,bangalore,blr_indiranagar,three_wheeler,2024-07-13,649,False,verified,True,True,False,True,True,cash,94,0.9346,0.0154,0.0011,0.1012,4.29,0.0079,264.49,15.18,2149,14682.76,0.0541,False,False,False,,
8445a44b-c3e5-4ace-bf53-9d0940af0f94,Salman Desai,+918992714125,bangalore,blr_electronic_city,three_wheeler,2022-02-09,1534,True,verified,True,True,True,True,True,upi,67,0.9334,0.0166,0.0045,0.0825,4.69,0.009,281.16,14.21,5232,11490.06,0.0853,False,False,False,,
fe6e5e4f-7bf0-4ac2-8a40-a11c4d9c51b1,Mani Garg,+918636730203,bangalore,blr_whitefield,mini_truck,2024-05-03,720,True,pending,True,True,False,True,False,upi,15,0.9488,0.0012,0.0023,0.2432,4.33,0.001,552.98,15.98,2018,23828.17,0.107,False,False,False,,
0fafd6f3-e8d5-4ffb-8225-bfdee1e6249e,Shivakumar Ansari,+916828685894,bangalore,blr_yeshwanthpur,two_wheeler,2021-04-12,1837,True,verified,True,True,False,True,True,upi,60,0.9334,0.0166,0.0055,0.0988,4.35,0.0587,61.74,3.0,5569,5786.75,0.221,False,False,False,,
44000716-4a1e-4a9d-8d56-89ed026a1179,Rakesh Yadav,+916233207859,bangalore,blr_btm,three_wheeler,2024-10-15,555,True,verified,True,True,False,True,True,upi,87,0.936,0.014,0.0006,0.19,4.12,0.0066,219.24,14.42,1500,11106.76,0.1433,False,False,False,,
8a091ec6-2559-4739-9f29-ab1061631bd7,Umesh Ansari,+916601140881,bangalore,blr_btm,mini_truck,2020-11-06,1994,True,verified,True,True,False,True,True,upi,82,0.936,0.014,0.0059,0.1456,4.16,0.0677,370.7,11.87,5689,14363.55,0.1817,False,False,False,,
f723e628-4407-4859-9374-9218d884904e,Naresh Pillai,+919634653276,bangalore,blr_koramangala,two_wheeler,2020-05-11,2173,True,verified,True,True,True,True,True,cash,88,0.9359,0.0141,0.0058,0.1368,4.0,0.1121,55.82,3.76,4429,5895.2,0.2039,False,False,False,,
6a10c317-7100-412a-afaa-bbcc86b3ce4f,Kiran Jain,+919953388761,bangalore,blr_koramangala,two_wheeler,2021-07-07,1751,True,verified,True,True,False,True,True,upi,96,0.9391,0.0109,0.0025,0.2468,4.21,0.0242,119.63,10.45,2979,4019.12,0.2763,False,False,False,,
de95470d-499c-4f73-9cfb-52d798f94853,Raja Pandey,+918126685596,bangalore,blr_bannerghatta,two_wheeler,2021-06-18,1770,True,unverified,True,True,True,True,False,cash,109,0.9004,0.0496,0.0038,0.1241,4.52,0.0689,99.53,7.14,4200,3864.22,0.2422,False,False,False,,
f4981d60-3160-4282-b8eb-4e516dc79997,Suresh Pandey,+916531450235,bangalore,blr_yeshwanthpur,two_wheeler,2020-10-23,2008,True,verified,True,True,True,True,True,upi,109,0.88,0.07,0.0012,0.1459,4.05,0.0077,104.88,10.4,3947,4856.3,0.2706,False,False,False,,
db7a802f-8746-4349-9346-5818658c7957,Umesh Gupta,+917657156387,bangalore,blr_rajajinagar,three_wheeler,2025-03-03,416,True,verified,True,True,False,True,True,upi,89,0.9496,0.0004,0.0024,0.2349,4.72,0.0152,97.05,1.5,945,8488.75,0.1507,False,False,False,,
8edd7550-280d-46a9-a5a8-2fd27ea5b34d,Deepak Agarwal,+916216702220,bangalore,blr_whitefield,three_wheeler,2021-12-28,1577,True,pending,True,True,True,False,True,upi,89,0.9249,0.0251,0.0011,0.3096,3.76,0.0298,147.58,3.33,5842,16245.53,0.2924,False,False,True,,
f4abc27f-bd39-45b0-84e2-632f81f86cd9,Pavan Garg,+917161754753,bangalore,blr_hebbal,two_wheeler,2020-11-11,1989,True,verified,True,True,False,True,True,upi,40,0.9314,0.0186,0.0002,0.1285,4.15,0.0317,56.03,4.59,7465,10115.57,0.1855,False,False,False,,
2c9e7e56-752c-433c-a318-0bc9c7954efe,Mahesh Joshi,+919963405210,bangalore,blr_koramangala,three_wheeler,2024-05-24,699,True,verified,True,True,False,True,True,upi,66,0.9497,0.0003,0.005,0.0711,4.21,0.0699,135.38,4.79,1701,9634.02,0.0465,False,False,False,,
777a67cd-d3af-47ed-acf1-954337ba5d5e,Mukesh Shukla,+919441621357,bangalore,blr_bannerghatta,mini_truck,2020-10-09,2022,True,verified,True,True,False,True,True,upi,81,0.8997,0.0503,0.0004,0.0903,4.5,0.0392,517.73,19.18,6381,20698.64,0.127,False,False,False,,
b8530d83-f438-43e6-84b4-03917afd9c7e,Basavaraj Kumar,+916554574100,bangalore,blr_indiranagar,three_wheeler,2023-03-30,1120,True,verified,True,True,False,True,True,upi,67,0.9464,0.0036,0.0048,0.1794,4.8,0.0527,111.86,2.46,2536,8793.72,0.071,True,False,False,,
4d7140c4-e199-4a4b-a142-f2e08d0512b4,Paresh Yadav,+918964442756,bangalore,blr_bannerghatta,three_wheeler,2024-04-10,743,True,verified,True,True,False,True,True,upi,47,0.9379,0.0121,0.0033,0.1129,4.1,0.0307,220.54,14.34,1455,8282.81,0.1553,False,False,False,,
83b9ca70-3b2e-457c-9a97-57fc6ad2bc4f,Mani Dubey,+919319824667,bangalore,blr_yeshwanthpur,three_wheeler,2021-10-11,1655,True,verified,True,True,False,True,True,upi,50,0.9357,0.0143,0.0015,0.0945,4.62,0.0977,155.25,7.32,4643,10649.16,0.1416,False,False,False,,
bc11504d-805e-48e3-a9f8-af5e0f0cf5a6,Suresh Patel,+919744539520,bangalore,blr_whitefield,two_wheeler,2026-03-17,37,True,verified,True,True,False,True,True,bank,55,0.9452,0.0048,0.002,0.2234,4.34,0.0208,152.58,14.67,98,6356.42,0.4203,False,False,False,,
84db4a9d-8294-48f4-bf26-7cb248cb0e72,Murugan Menon,+916297119160,bangalore,blr_marathahalli,truck_14ft,2026-02-22,60,True,verified,True,True,False,True,True,upi,67,0.9286,0.0214,0.0003,0.1742,4.5,0.0233,1602.67,23.92,109,22708.79,0.3066,False,False,False,,
2cae883b-bfe1-4ccf-be33-1c52cf1ec335,Venkatesh Sharma,+917855630693,bangalore,blr_rajajinagar,truck_14ft,2021-08-04,1723,False,verified,True,True,True,True,True,upi,96,0.9353,0.0147,0.002,0.187,4.45,0.0283,983.76,25.26,3741,50284.42,0.1051,False,False,False,,
0ac86c02-702e-4fdd-b704-c2b8fd377b65,Mahesh Joshi,+919920044095,bangalore,blr_indiranagar,two_wheeler,2022-02-08,1535,True,verified,True,True,True,True,True,upi,83,0.9465,0.0035,0.0018,0.1603,4.64,0.0345,99.49,7.27,5597,6063.16,0.1895,False,False,False,,
9bf35a16-e10e-4fc4-a2f8-7c146a68151e,Manoj Pandey,+917650351835,bangalore,blr_indiranagar,two_wheeler,2024-05-02,721,True,verified,True,True,False,True,True,upi,101,0.9358,0.0142,0.0003,0.1204,4.63,0.0477,75.58,6.01,774,2681.47,0.1724,False,False,False,,
64a04e69-84b6-4c1d-b7d0-715cc417a25c,Raja Shah,+916421716214,bangalore,blr_rajajinagar,two_wheeler,2022-11-02,1268,True,verified,True,True,True,True,True,upi,39,0.9361,0.0139,0.0032,0.1225,4.67,0.0593,102.03,5.36,2834,5856.66,0.2046,False,False,False,,
b3b4ef4f-9b8a-49cc-854e-cf0de7c36e4a,Salman Jain,+916771444238,bangalore,blr_koramangala,two_wheeler,2023-08-18,979,True,verified,True,True,False,True,True,upi,28,0.9213,0.0287,0.004,0.2017,4.59,0.0067,58.65,3.6,3240,6976.85,0.2764,False,False,False,,
f37075e4-9ddf-4a06-a046-6e35a7b50525,Ibrahim Pillai,+917522965684,bangalore,blr_marathahalli,truck_17ft,2025-06-04,323,True,pending,False,False,False,True,True,upi,88,0.9052,0.0448,0.0015,0.2743,4.92,0.0214,3461.6,70.35,466,33634.5,0.0739,False,False,True,,
78a03e3b-b4d5-4ed2-b72f-fb0bf113dd0f,Abdul Mehta,+917584917591,bangalore,blr_whitefield,truck_17ft,2022-05-29,1425,True,verified,True,True,True,True,True,upi,106,0.913,0.037,0.0031,0.1797,4.16,0.0125,1386.76,43.13,2952,48050.09,0.0288,False,False,False,,
10218b31-4802-407f-bf97-4c3e07521bd5,Naveen Verma,+916451988634,bangalore,blr_bannerghatta,two_wheeler,2021-05-26,1793,True,verified,True,True,False,True,True,bank,81,0.9,0.05,0.0326,0.3694,4.01,0.1143,96.14,8.05,3962,4253.69,0.266,False,False,False,,
3aaae57c-4798-4824-b00b-1fdb700f7f64,Murugan Kulkarni,+919960921518,bangalore,blr_hsr,mini_truck,2024-06-19,673,True,verified,True,True,False,True,True,cash,43,0.9355,0.0145,0.0003,0.2856,4.65,0.0419,659.98,20.66,1644,16881.93,0.1001,False,False,False,,
b9a40166-2375-44fd-958c-7b7a6060cd16,Vivek Pillai,+919561892149,bangalore,blr_yeshwanthpur,truck_14ft,2024-06-28,664,True,verified,True,True,False,True,True,bank,79,0.944,0.006,0.0019,0.1249,4.3,0.0301,1962.1,54.14,2184,57967.8,0.0628,False,False,False,,
f47cf118-e88f-425a-9d49-e5159f4454dd,Imran Shaikh,+917417416669,bangalore,blr_yeshwanthpur,three_wheeler,2025-02-17,430,True,verified,True,True,False,True,True,upi,62,0.9408,0.0092,0.0028,0.0532,4.4,0.0613,187.14,6.9,1591,20165.21,0.0666,False,False,False,,
48311d72-e5f8-4e75-a51f-ee00feadab35,Manish Gowda,+917800523939,bangalore,blr_hsr,three_wheeler,2024-08-10,621,True,pending,True,True,True,False,True,bank,83,0.9457,0.0043,0.001,0.2582,3.99,0.0663,234.67,12.65,1215,8977.88,0.1046,False,False,True,,
dbfb12ed-d512-4a03-9c6e-4c3e325a4470,Arjun Sharma,+918239835846,bangalore,blr_yeshwanthpur,three_wheeler,2025-10-06,199,True,verified,True,True,False,True,True,upi,57,0.9383,0.0117,0.0002,0.1739,4.54,0.0392,179.49,11.48,344,8852.62,0.2145,False,False,False,,
3196ff4e-7e64-413c-ad3c-08eda10c6d60,Manish Gupta,+917367904405,bangalore,blr_bannerghatta,two_wheeler,2023-05-25,1064,True,verified,True,True,False,True,True,upi,45,0.9211,0.0289,0.002,0.1505,4.32,0.0267,72.67,3.51,3005,6881.39,0.2753,False,False,False,,
70ea4a7c-c041-43e6-a1f1-0ec9d48d58a5,Salman Joshi,+918214593633,bangalore,blr_hsr,truck_17ft,2022-05-05,1449,True,verified,True,True,False,True,True,upi,45,0.9411,0.0089,0.0016,0.2149,4.6,0.0233,2255.82,47.76,3629,56152.47,0.0584,False,False,False,,
0ab5dfb7-e0f2-4551-9cc1-5bbe0cfd334b,Nilesh Pandey,+919451799911,bangalore,blr_btm,mini_truck,2021-10-21,1645,True,pending,True,False,True,True,True,upi,72,0.5495,0.4005,0.0661,0.4963,3.36,0.2273,499.59,18.04,4440,23870.49,0.231,False,False,True,RING_BAN_001,leader
4834c8e9-7303-4168-b9f0-c7b35fc5111f,Suresh Babu,+916341871679,bangalore,blr_indiranagar,two_wheeler,2025-01-24,454,False,verified,True,True,False,True,True,upi,58,0.9437,0.0063,0.001,0.0619,3.84,0.0083,82.19,5.27,1168,6651.43,0.2766,False,False,False,,
0a6016b6-59ba-4593-983e-953c6504896e,Ashok Babu,+917916708288,bangalore,blr_marathahalli,two_wheeler,2022-07-26,1367,True,verified,True,True,True,True,True,upi,79,0.9432,0.0068,0.0004,0.1774,4.26,0.0559,90.09,7.97,4752,8349.35,0.1082,False,False,False,,
c7742942-75b4-4662-ac14-fb74bdc6e04d,Paresh Yadav,+919482555476,bangalore,blr_electronic_city,mini_truck,2023-07-04,1024,True,pending,True,True,False,True,True,bank,36,0.9461,0.0039,0.0023,0.1484,4.47,0.0126,468.56,16.52,3932,32069.76,0.0991,False,False,False,,
02a80f5d-3f38-4b37-abe1-2a14567faca3,Karthi Patil,+917704793500,bangalore,blr_hsr,mini_truck,2025-06-06,321,False,verified,True,True,False,True,True,upi,51,0.9378,0.0122,0.0003,0.2448,4.73,0.0973,582.61,15.68,1157,27544.48,0.0417,False,False,False,,
4ced5967-ca5f-4205-be8d-fbd757391f5b,Mani Bhat,+917917337948,bangalore,blr_rajajinagar,truck_17ft,2021-12-25,1580,True,pending,False,False,True,True,True,upi,62,0.9163,0.0337,0.0016,0.1351,4.32,0.0921,1679.26,25.1,4149,76076.27,0.0528,False,False,True,,
c37e439d-f36b-4ad5-86d2-739b598f001f,Dinesh Jain,+919242107618,bangalore,blr_jayanagar,two_wheeler,2022-11-28,1242,False,unverified,True,True,True,True,True,upi,81,0.9238,0.0262,0.0008,0.178,4.31,0.1024,89.25,7.49,2045,3738.46,0.2375,False,False,False,,
97fd66fc-454e-45f9-8752-a19a57031c6c,Murugan Jain,+918210002841,bangalore,blr_whitefield,two_wheeler,2022-12-24,1216,True,verified,True,True,False,True,True,bank,73,0.7645,0.1855,0.0377,0.292,3.42,0.062,97.84,11.69,3113,6870.77,0.5218,False,False,False,,
b0440254-1eab-41d9-8571-d6e71c5e9e14,Kiran Babu,+917222760435,bangalore,blr_hsr,truck_17ft,2023-08-04,993,True,pending,True,False,False,False,True,upi,63,0.9368,0.0132,0.0044,0.1893,4.38,0.0279,3061.51,74.47,3222,90262.1,0.1493,True,False,True,,
a1b9d5e0-2692-440e-acac-0601631e226e,Mohammed Mishra,+918691056284,bangalore,blr_yeshwanthpur,three_wheeler,2024-11-29,510,True,verified,True,True,False,True,True,upi,41,0.8894,0.0606,0.0016,0.1845,4.24,0.0419,241.54,14.77,1486,14127.88,0.1065,False,False,False,,
