{
  "baseline": {
    "label": "Baseline (Rules)",
    "precision": 0.1872,
    "recall": 0.1138,
    "f1": 0.1416,
    "fpr": 0.031,
    "fraud_caught": 671,
    "fraud_missed": 5224,
    "false_alarms": 2914,
    "recoverable_detected_inr": 224734.03,
    "false_alarm_cost_inr": 582800.0,
    "net_recoverable_inr": -358065.97,
    "net_recoverable_per_trip": -3.5807,
    "total_trips": 100000,
    "total_fraud": 5895,
    "pilot_pass": {
      "fpr_under_8pct": true,
      "recoverable_per_trip": false,
      "detection_improvement": false
    }
  },
  "xgboost": {
    "label": "XGBoost",
    "precision": 0.73,
    "recall": 0.4027,
    "f1": 0.5191,
    "fpr": 0.0093,
    "fraud_caught": 2374,
    "fraud_missed": 3521,
    "false_alarms": 878,
    "recoverable_detected_inr": 686726.51,
    "false_alarm_cost_inr": 175600.0,
    "net_recoverable_inr": 511126.51,
    "net_recoverable_per_trip": 5.1113,
    "total_trips": 100000,
    "total_fraud": 5895,
    "pilot_pass": {
      "fpr_under_8pct": true,
      "recoverable_per_trip": true,
      "detection_improvement": true
    }
  },
  "improvement_pct": 242.75,
  "threshold_used": 0.6799999999999997,
  "feature_importance": {
    "declared_distance_km": 0.021360039710998535,
    "declared_duration_min": 0.04235062375664711,
    "fare_inr": 0.06626010686159134,
    "surge_multiplier": 0.09994755685329437,
    "zone_demand_at_time": 0.0252236258238554,
    "fare_to_expected_ratio": 0.08583343774080276,
    "distance_time_ratio": 0.16356149315834045,
    "fare_per_km": 0.031842298805713654,
    "pickup_dropoff_haversine_km": 0.1329096406698227,
    "distance_vs_haversine_ratio": 0.010792629793286324,
    "hour_of_day": 0.002495966386049986,
    "day_of_week": 0.002438618801534176,
    "is_night": 0.017364805564284325,
    "is_peak_hour": 0.009285051375627518,
    "is_friday": 0.014542851597070694,
    "is_late_month": 0.0063838898204267025,
    "payment_is_cash": 0.06554491072893143,
    "payment_is_credit": 0.0016610367456451058,
    "driver_cancellation_velocity_1hr": 0.0,
    "driver_cancel_rate_rolling_7d": 0.011882924474775791,
    "driver_dispute_rate_rolling_14d": 0.0013248531613498926,
    "driver_trips_last_24hr": 0.003702538786455989,
    "driver_cash_trip_ratio_7d": 0.009964285418391228,
    "driver_account_age_days": 0.00165898771956563,
    "driver_rating": 0.003220699029043317,
    "driver_lifetime_trips": 0.0016555109759792686,
    "driver_verification_encoded": 0.0016630645841360092,
    "driver_payment_type_encoded": 0.003134418511763215,
    "zone_fraud_rate_rolling_7d": 0.008355392143130302,
    "same_zone_trip": 0.0017579711275175214,
    "is_cancelled": 0.15188068151474
  },
  "annual_extrapolation": {
    "net_recoverable_crore": 35.06,
    "royalty_at_4pct_crore": 1.4
  },
  "pilot_ready": true
}