{
  "baseline": {
    "label": "Baseline (Rules)",
    "precision": 0.1872,
    "recall": 0.1138,
    "f1": 0.1416,
    "fpr": 0.031,
    "fraud_caught": 671,
    "fraud_missed": 5224,
    "false_alarms": 2914,
    "recoverable_detected_inr": 224734.03,
    "false_alarm_cost_inr": 582800.0,
    "net_recoverable_inr": -358065.97,
    "net_recoverable_per_trip": -3.5807,
    "total_trips": 100000,
    "total_fraud": 5895,
    "pilot_pass": {
      "fpr_under_8pct": true,
      "recoverable_per_trip": false,
      "detection_improvement": false
    }
  },
  "xgboost": {
    "label": "XGBoost",
    "precision": 0.5169,
    "recall": 0.5204,
    "f1": 0.5187,
    "fpr": 0.0305,
    "fraud_caught": 3068,
    "fraud_missed": 2827,
    "false_alarms": 2867,
    "recoverable_detected_inr": 760844.13,
    "false_alarm_cost_inr": 573400.0,
    "net_recoverable_inr": 187444.13,
    "net_recoverable_per_trip": 1.8744,
    "total_trips": 100000,
    "total_fraud": 5895,
    "pilot_pass": {
      "fpr_under_8pct": true,
      "recoverable_per_trip": true,
      "detection_improvement": true
    }
  },
  "improvement_pct": 152.35,
  "threshold_used": 0.8299999999999996,
  "feature_importance": {
    "declared_distance_km": 0.01833309605717659,
    "declared_duration_min": 0.058410536497831345,
    "fare_inr": 0.05997297167778015,
    "surge_multiplier": 0.09357386827468872,
    "zone_demand_at_time": 0.018010014668107033,
    "fare_to_expected_ratio": 0.07255498319864273,
    "distance_time_ratio": 0.13069206476211548,
    "fare_per_km": 0.02886076457798481,
    "pickup_dropoff_haversine_km": 0.015510765835642815,
    "distance_vs_haversine_ratio": 0.015187717042863369,
    "hour_of_day": 0.009563504718244076,
    "day_of_week": 0.00910654291510582,
    "is_night": 0.04358138516545296,
    "is_peak_hour": 0.010033560916781425,
    "is_friday": 0.02202732302248478,
    "is_late_month": 0.01508803479373455,
    "payment_is_cash": 0.09403910487890244,
    "payment_is_credit": 0.009063340723514557,
    "driver_cancellation_velocity_1hr": 0.007716855965554714,
    "driver_cancel_rate_rolling_7d": 0.017046114429831505,
    "driver_dispute_rate_rolling_14d": 0.009224350564181805,
    "driver_trips_last_24hr": 0.009188487194478512,
    "driver_cash_trip_ratio_7d": 0.017063332721590996,
    "driver_account_age_days": 0.010610852390527725,
    "driver_rating": 0.010883839800953865,
    "driver_lifetime_trips": 0.010630638338625431,
    "driver_verification_encoded": 0.009548002853989601,
    "driver_payment_type_encoded": 0.01059337891638279,
    "zone_fraud_rate_rolling_7d": 0.01932203397154808,
    "same_zone_trip": 0.008633027784526348,
    "is_cancelled": 0.13592956960201263
  },
  "annual_extrapolation": {
    "net_recoverable_crore": 12.86,
    "royalty_at_4pct_crore": 0.51
  },
  "pilot_ready": true
}