{
  "baseline": {
    "label": "Baseline (Rules)",
    "precision": 0.1872,
    "recall": 0.1138,
    "f1": 0.1416,
    "fpr": 0.031,
    "fraud_caught": 671,
    "fraud_missed": 5224,
    "false_alarms": 2914,
    "recoverable_detected_inr": 224734.03,
    "false_alarm_cost_inr": 582800.0,
    "net_recoverable_inr": -358065.97,
    "net_recoverable_per_trip": -3.5807,
    "total_trips": 100000,
    "total_fraud": 5895,
    "pilot_pass": {
      "fpr_under_8pct": true,
      "recoverable_per_trip": false,
      "detection_improvement": false
    }
  },
  "xgboost": {
    "label": "XGBoost",
    "precision": 0.883,
    "recall": 0.5301,
    "f1": 0.5048,
    "fpr": 0.0053,
    "fraud_caught": 3773,
    "fraud_missed": 2770,
    "false_alarms": 3362,
    "recoverable_detected_inr": 772610.64,
    "false_alarm_cost_inr": 672400.0,
    "net_recoverable_inr": 679590.0,
    "net_recoverable_per_trip": 6.7959,
    "total_trips": 100000,
    "total_fraud": 5895,
    "pilot_pass": {
      "fpr_under_8pct": true,
      "recoverable_per_trip": true,
      "detection_improvement": true
    }
  },
  "improvement_pct": 127.99,
  "threshold_used": 0.8199999999999996,
  "feature_importance": {
    "declared_distance_km": 0.01844523474574089,
    "declared_duration_min": 0.057296618819236755,
    "fare_inr": 0.06032378599047661,
    "surge_multiplier": 0.09431951493024826,
    "zone_demand_at_time": 0.018384043127298355,
    "fare_to_expected_ratio": 0.07194504141807556,
    "distance_time_ratio": 0.13144345581531525,
    "fare_per_km": 0.028705528005957603,
    "pickup_dropoff_haversine_km": 0.015448443591594696,
    "distance_vs_haversine_ratio": 0.01535892765969038,
    "hour_of_day": 0.009635352529585361,
    "day_of_week": 0.00878158863633871,
    "is_night": 0.04713131859898567,
    "is_peak_hour": 0.010575941763818264,
    "is_friday": 0.020882176235318184,
    "is_late_month": 0.014830472879111767,
    "payment_is_cash": 0.09198262542486191,
    "payment_is_credit": 0.008760492317378521,
    "driver_cancellation_velocity_1hr": 0.008680494502186775,
    "driver_cancel_rate_rolling_7d": 0.017120415344834328,
    "driver_dispute_rate_rolling_14d": 0.009263329207897186,
    "driver_trips_last_24hr": 0.008703447878360748,
    "driver_cash_trip_ratio_7d": 0.017220357432961464,
    "driver_account_age_days": 0.010681894607841969,
    "driver_rating": 0.010802517645061016,
    "driver_lifetime_trips": 0.010707702487707138,
    "driver_verification_encoded": 0.00954518187791109,
    "driver_payment_type_encoded": 0.010483811609447002,
    "zone_fraud_rate_rolling_7d": 0.019420191645622253,
    "same_zone_trip": 0.00921010971069336,
    "is_cancelled": 0.13391010463237762
  },
  "annual_extrapolation": {
    "net_recoverable_crore": 6.87,
    "royalty_at_4pct_crore": 0.27
  },
  "pilot_ready": true,
  "two_stage": {
    "action_threshold": 0.94,
    "watchlist_threshold": 0.45,
    "total_trips": 100000,
    "action_precision": 0.883,
    "action_fpr": 0.0053,
    "action_tier_caught": 3773,
    "watchlist_tier_caught": 1031,
    "total_caught": 4804,
    "net_recoverable_inr": 679590.0,
    "net_recoverable_per_trip": 6.7959,
    "total_fraud_caught_pct": 81.5
  }
}