{
  "baseline": {
    "label": "Baseline (Rules)",
    "precision": 0.1528,
    "recall": 0.0872,
    "f1": 0.111,
    "fpr": 0.0303,
    "fraud_caught": 514,
    "fraud_missed": 5381,
    "false_alarms": 2849,
    "recoverable_detected_inr": 175194.95,
    "false_alarm_cost_inr": 569800.0,
    "net_recoverable_inr": -394605.05,
    "net_recoverable_per_trip": -3.9461,
    "total_trips": 100000,
    "total_fraud": 5895,
    "pilot_pass": {
      "fpr_under_8pct": true,
      "recoverable_per_trip": false,
      "detection_improvement": false
    }
  },
  "xgboost": {
    "label": "XGBoost",
    "precision": 0.7292,
    "recall": 0.4288,
    "f1": 0.5401,
    "fpr": 0.01,
    "fraud_caught": 2528,
    "fraud_missed": 3367,
    "false_alarms": 939,
    "recoverable_detected_inr": 695749.71,
    "false_alarm_cost_inr": 187800.0,
    "net_recoverable_inr": 507949.71,
    "net_recoverable_per_trip": 5.0795,
    "total_trips": 100000,
    "total_fraud": 5895,
    "pilot_pass": {
      "fpr_under_8pct": true,
      "recoverable_per_trip": true,
      "detection_improvement": true
    }
  },
  "improvement_pct": 228.72,
  "threshold_used": 0.7999999999999996,
  "feature_importance": {
    "declared_distance_km": 0.020559195429086685,
    "declared_duration_min": 0.04328162223100662,
    "fare_inr": 0.07123082131147385,
    "surge_multiplier": 0.04677070304751396,
    "zone_demand_at_time": 0.02725621499121189,
    "fare_to_expected_ratio": 0.10274183750152588,
    "distance_time_ratio": 0.16878433525562286,
    "fare_per_km": 0.03621675446629524,
    "pickup_dropoff_haversine_km": 0.11249902099370956,
    "distance_vs_haversine_ratio": 0.012753283604979515,
    "hour_of_day": 0.002572785597294569,
    "day_of_week": 0.002926022280007601,
    "is_night": 0.05668942257761955,
    "is_peak_hour": 0.0031489909160882235,
    "is_friday": 0.015880344435572624,
    "is_late_month": 0.009728269651532173,
    "payment_is_cash": 0.046283021569252014,
    "payment_is_credit": 0.0022099828347563744,
    "driver_cancellation_velocity_1hr": 0.0,
    "driver_cancel_rate_rolling_7d": 0.011260897852480412,
    "driver_dispute_rate_rolling_14d": 0.0019863371271640062,
    "driver_trips_last_24hr": 0.0013327945489436388,
    "driver_cash_trip_ratio_7d": 0.011666347272694111,
    "driver_account_age_days": 0.0021722305100411177,
    "driver_rating": 0.0031044897623360157,
    "driver_lifetime_trips": 0.0022361723240464926,
    "driver_verification_encoded": 0.0020609998609870672,
    "driver_payment_type_encoded": 0.0033088489435613155,
    "zone_fraud_rate_rolling_7d": 0.01143050380051136,
    "same_zone_trip": 0.002353656804189086,
    "is_cancelled": 0.16555413603782654
  },
  "annual_extrapolation": {
    "net_recoverable_crore": 34.85,
    "royalty_at_4pct_crore": 1.39
  },
  "pilot_ready": true
}